Region,Enterprise Type,Accreditation No,Enterprise Name,Province,Municipality/City,Business Address,Contact Numbers,Business Website,Accreditation Validity
Region 11,Apartment Hotel,DOT-R11-APT-01376-2024,Executive Tulip Apartelle,-,Davao City,"B15, Lot 22-23 Tulip Drive,Juna Subd.,Brgy. Matina Crossing, Davao City",0995 5775663 / 392-2769,etapartelle@gmail.com,10/31/2026
Region 11,Hotel,DOT-R11-HTL-00033-2020,The Pinnacle Hotel and Suites,-,Davao City,"Sta Ana Ave., Davao City",(082) 221-3025,"acctg.pinnacledavao@gmail.com, pinnacledavao@gmail.com",10/31/2026
Region 11,Hotel,DOT-R11-HTL-00021-2020,Big 8 Corporate Hotel,Davao del Norte,Tagum City,"National Highway, Brgy Visayan Village, Tagum City, Davao del Norte",0939 9036178,salesmgr@big8corporatehotel.com,10/31/2026
Region 11,Hotel,DOT-R11-HTL-00062-2021,Grand Men Seng Hotel,-,Davao City,"Magallanes-Anda St., Brgy 1-A, Davao City",082 2219040,sales@grandmenseng.com,10/31/2026
Region 11,Hotel,DOT-R11-HTL-00484-2022,GoHotels Davao,-,Davao City,"Km.7 J.P. Laurel Ave., cor.N.Arroyo St., Lanang, Davao City",082 2283836,rodjave.repollo@robinsonsland.com,10/31/2026
Region 11,Hotel,DOT-R11-HTL-00057-2021,Blue Lotus Hotel,-,Davao City,"Quimpo Blvc., Ecoland, Brgy 76-A, Davao City",(082) 333-3333,fom1@bluelotushotel.com,10/31/2026
Region 11,Hotel,DOT-R11-HTL-01035-2024,Sotogrande Hotel Davao,-,Davao City,"Davao Riverfront, Brgy Maa, Davao City",0917 3064743,acctgdvo3@sotograndehotelgroup.ph,10/31/2026
Region 11,Hotel,DOT-R11-HTL-00026-2020,Hotel Tropika Davao,-,Davao City,"Km.7 Lanang Barangay Alfonso Angliongto, Davao City",234-3331,info@hoteltropikadavao.com,10/31/2026
Region 11,Hotel,DOT-R11-HTL-00383-2022,Rogen Inn,-,Davao City,"Mt Apo St Corner Lopez Jaena St., Brgy 7-A, Davao City","(082) 227-6436, 0969 6189923",cwnrogeninn@gmail.com,10/31/2026
Region 11,Hotel,DOT-R11-HTL-00001-2020,Red Planet Davao,-,Davao City,"JP Laurel Ave., Davao City",(082) 224-0577 / 0933 996 4712,fos.davao@redplanethotels.com,10/31/2026
Region 11,Hotel,DOT-R11-HTL-00029-2020,Microtel by Wyndham - Davao,-,Davao City,"Damosa Gateway Complex, Angliongto Road, Lanang, Davao City","(082) 233-2333, +639177953550",davao@microtel.ph,10/31/2026
Region 11,Hotel,DOT-R11-HTL-00032-2020,Hotel de Crisbelle,Davao del Sur,Digos City,"National Highway, Brgy San Jose (Balutakay), Digos City, Davao del Sur",0938 2987504,Maikelli26@gmail.com,10/31/2026
Region 11,Hotel,DOT-R11-HTL-01326-2024,Apo View Hotel,-,Davao City,"150 J. Camus St., Brgy 4-A, Davao City",082 221 6430 to 32,apoview.bc@gmail.com,10/31/2026
Region 11,Hotel,DOT-R11-HTL-00545-2023,Seda Abreeza Hotel,-,Davao City,"JP Laurel Ave., Bajada, Davao City",(082) 244 3020,amomas.kimberly@sedahotels.com,10/31/2026
Region 11,Hotel,DOT-R11-HTL-00080-2021,Grand Regal Hotel Davao,-,Davao City,"Km 7, JP Laurel Avenue",(082) 235 0888,executive@thegrandregalhotel.com,10/31/2026
Region 11,Hotel,DOT-R11-HTL-00118-2021,Park Inn by Radisson Davao,-,Davao City,"SM Lanang Complex, J.P. Laurel Ave., Lanang, Davao City",(082) 272 7600,Flordeliza.Gamo@parkinn.com,10/31/2026
Region 11,Hotel,DOT-R11-HTL-00755-2024,Panorama Summit Hotel,-,Davao City,"Km. 7, Tigatto Road, Buhangin, Davao City",0939 9201268,hrd.panoramasummithotel@gmail.com,10/31/2026
Region 11,Hotel,DOT-R11-HTL-00457-2022,Green Banana Business Hotel,-,Davao City,"Pryce Busuness Park, J.P. Laurel Avenue Bajada, Davao City",0917 8038493,pppedregosa@greenbananahotel.com,10/31/2026
Region 11,Hotel,DOT-R11-HTL-00047-2021,Waterfront Insular Hotel Davao,-,Davao City,"Km. 7, Lanang, Davao City",0998 5948542,wihd@waterfronthotels.net,10/31/2026
Region 11,Hotel,DOT-R11-HTL-01049-2024,Adelina Hotel and Suites,Davao Oriental,Mati City,"National Highway, Madang, Brgy. Central (Pob.), Mati City, Davao Oriental",0930 787 0063,fo@adelinahotelandsuites.com,10/31/2026
Region 11,Hotel,DOT-R11-HTL-00512-2022,The Royal Mandaya Hotel,-,Davao City,"J. Palma Gil St., Brgy. 34-D, Davao City",(082) 225-8888,info@theroyalmandayahotel.com,10/31/2026
Region 11,Hotel,DOT-R11-HTL-00742-2023,Big 8 Corporate Hotel Digos,Davao del Sur,Digos City,"Quezon Avenue , Zone 1, Digos City, Davao del Sur",0945 592 9353,big8corporatehoteldigos.bc@gmail.com,10/31/2026
Region 11,Hotel,DOT-R11-HTL-01134-2024,Shine Boutique Hotel,Davao del Norte,Tagum City,"Santo Niño, Gante Road, Brgy. Magugpo West, Tagum City, Davao del Norte",0953 5313518,shineboutiqueh@gmail.com,10/31/2026
Region 11,Hotel,DOT-R11-HTL-00112-2021,Acacia Hotel Davao,-,Davao City,"JP Laurel Ave., Lanang, Brgy. Wilfredo Aquino, Davao City",(082) 298 8088,acaciahotelsdavao@gmail.com,10/31/2026
Region 11,Hotel,DOT-R11-HTL-00027-2020,The Lanang Suites,-,Davao City,"Km 7 Lanang, JP Laurel Avenue, Brgy. San Antonio, Davao City",082-235-6776,om@thelanangsuites.com,10/31/2026
Region 11,Hotel,DOT-R11-HTL-00625-2023,Dusit D2 Davao,-,Davao City,"Stella Hizon Reyes Drive, Brgy. Pampanga, Davao City",0906 5876506,"leah.puyod@dusit.com,",10/31/2026
,,,,,,,,arvinian.itao@dusit.com,
Region 11,Mabuhay Accommodation,DOT-R11-MAB-01200-2024,Traveler's Inn - Bajada,-,Davao City,"Km 4 JP Laurel Ave., Buhangin, Davao City",0970 8832512,travelersinnbajada21@gmail.com,10/31/2025
Region 11,Mabuhay Accommodation,DOT-R11-MAB-00100-2021,Traveler's Inn - Matina,-,Davao City,"Km 5 Guadalupe Village, Brgy Matina Crossing, Davao City",0917 7292255,travelersinnmatina@gmail.com,10/31/2025
Region 11,Mabuhay Accommodation,DOT-R11-MAB-00119-2021,Orchard Hotel,-,Davao City,"In front of DCWD, J. P. Laurel Ave., Bajada, Brgy. Wilfredo Aquino, Agdao, Davao City",0917 3128848,orchardhotelbajadawilfredo@gmail.com,10/31/2025
Region 11,Mabuhay Accommodation,DOT-R11-MAB-00325-2022,The Strand Suites And Dormitel,-,Davao City,"#4 Road 2 Doña Vicenta, Bajada, Davao City",(082) 233-6781,thestranddavaocity@gmail.com,10/31/2026
Region 11,Mabuhay Accommodation,DOT-R11-MAB-00653-2023,Crown Regency Residences Davao,-,Davao City,"J.P. Cabaguio Avenue, Brgy. Wilfredo Aquino, Agdao District, Davao City",(082) 291-2100,elezabeth.amor@jking.com.ph,10/31/2026
Region 11,Mabuhay Accommodation,DOT-R11-MAB-01234-2024,Big Ben Baptee Corp.,-,Davao City,"Lacson St., Brgy 20-B (Pob.), Davao City",0925 3055050,bbaptee@gmail.com,10/31/2025
Region 11,Mabuhay Accommodation,DOT-R11-MAB-01162-2024,Twin Mountain View Resort,Davao del Sur,Bansalan,"Purok Mercury, Sitio Balutakay, Brgy Managa, Bansalan, Davao del Sur",0963 4017246,twinmountainviewresort@gmail.com,10/31/2026
Region 11,Mabuhay Accommodation,DOT-R11-MAB-01119-2024,Isla Reta Beach Resort,Davao del Norte,IGACOS,"Brgy Sta. Cruz, Talikud Island, IGACOS, Davao Del Norte",09989916690/ 09282141487/ 09952130942,marioreta61@gmail.com,10/31/2025
Region 11,Mabuhay Accommodation,DOT-R11-MAB-00486-2022,La Anclar Hotel,-,Davao City,"Bonifacio Street La Anclar Building, Brgy 34D, Davao City",0927 5228953,lahincbon@gmail.com,10/31/2026
Region 11,Mabuhay Accommodation,DOT-R11-MAB-01242-2024,Amaya Waterfront Villa,Davao Oriental,Mati City,"Purok 2, Brgy. Lanca, Mati City, Davao Oriental",0908 8803870,mayasalazargo@yahoo.com,10/31/2025
Region 11,Mabuhay Accommodation,DOT-R11-MAB-00024-2020,Jade Dragon Suites,-,Davao City,"Aurora-Quezon Sts, Barangay 32D, Davao City",(082) 2241391,jadedragonsuites@gmail.com,10/31/2025
Region 11,Mabuhay Accommodation,DOT-R11-MAB-01249-2024,Oh George Inn,-,Davao City,"OG Bldg., Ecoland Drive, Brgy Bucana, Talomo, Davao City",0919 0657426,mandatoryreports777@gmail.com,10/31/2025
Region 11,Mabuhay Accommodation,DOT-R11-MAB-01251-2024,MKI Inn,-,Davao City,"Mc Arthur Highway, Brgy Matina Crossing, Davao City",0929 5289022,moverprime@yahoo.com,10/31/2025
Region 11,Mabuhay Accommodation,DOT-R11-MAB-01253-2024,Jazzy James Country Hotel,-,Davao City,"Lacson St., Brgy 18-B (Pob.), Davao City",0956 2981193,saniswitz@yahoo.com.ph,10/31/2025
Region 11,Mabuhay Accommodation,DOT-R11-MAB-00306-2022,Top Star Hotel,Davao del Norte,Tagum City,"Sobrecarey St., Brgy Magugpo South, Tagum City, Davao del Norte",0938 3185514,reservations.topstartagum@yahoo.com,10/31/2025
Region 11,Mabuhay Accommodation,DOT-R11-MAB-01257-2024,Oh George Inn,-,Davao City,"Near Airport Runway, Mamay Bypass Road, Buhangin, Alfonso Angliongto Sr., Davao City",0919 0657426,purchasing@syslab.ph,10/31/2025
Region 11,Mabuhay Accommodation,DOT-R11-MAB-01127-2024,KST-MPC Function and Dormitel,Davao del Norte,Sto Tomas,"Cadena De Amor St., Purok 8, FD Road 3, Brgy Tibal-og, Sto Tomas, Davao del Norte",0943 1370824,kst_200963@yahoo.com,10/31/2025
Region 11,Mabuhay Accommodation,DOT-R11-MAB-00075-2021,Roadway Inn,-,Davao City,"L&R Bldg., Km 4 JP Laurel Ave., Bajada, Davao City",(082) 2219000,roadwayinndavao@yahoo.com.ph,10/31/2026
Region 11,Mabuhay Accommodation,DOT-R11-MAB-01269-2024,Villa Carmelita Inland Resort and Hotel,-,Davao City,"Purok 20 McArthur Highway, Toril, Davao City",(082) 322 0553/ 286 1726,villacarmelita_hotel@yahoo.com,10/31/2026
Region 11,Mabuhay Accommodation,DOT-R11-MAB-00282-2021,Davao Airport View Hotel,-,Davao City,"Purok 9, C.P. GArcia highway, Davao Airport View Commercial Complex, Brgy Communal, Davao City",0933 869 3046,abs.davhotelinc@gmail.com,10/31/2026
Region 11,Mabuhay Accommodation,DOT-R11-MAB-00220-2021,Molave Hotel,Davao del Norte,Tagum City,"033 Purok Calachuchi, Brgy Magugpo Poblacion, Tagum City, Davao del Norte",0906-864-5245,molavehotelcorp@yahoo.com,10/31/2026
Region 11,Mabuhay Accommodation,DOT-R11-MAB-01273-2024,Courtside Princess Inn,-,Davao City,"J.P Cabaguio Avenue, Brgy. Wilfredo Aquino, Davao City",0916 1107431,courtside.princessinn@gmail.com,10/31/2025
Region 11,Mabuhay Accommodation,DOT-R11-MAB-01274-2024,Drive Park Inn,-,Davao City,"Shanghai Village, Brgy Matina Aplaya, Davao City",0919 5855333,driveparkinn@yahoo.com,10/31/2025
Region 11,Mabuhay Accommodation,DOT-R11-MAB-01041-2024,Napsule Suites,-,Davao City,3F Espino Building Jp Laurel Ave. Bajada Davao City,0917 7180046,napsulesuites@gmail.com,10/31/2025
Region 11,Mabuhay Accommodation,DOT-R11-MAB-00125-2021,Amaranta Suites,-,Davao City,"General Luna, A. Drive, Gahol St., Bajada, Davao City",0917 7101233,amarantasuites65@gmail.com,10/31/2026
Region 11,Mabuhay Accommodation,DOT-R11-MAB-00286-2021,Humberto's Hotel,-,Davao City,311 Jose Palma Gil St. corner Padre Gomez St. Davao City,0922 8800694,humbertosdavao@gmail.com,10/31/2026
Region 11,Mabuhay Accommodation,DOT-R11-MAB-01280-2024,Espacio de Clarita Hometel,-,Davao City,"RCFI Bldg Fronting Shell Gasoline Station, Agton St., Brgy Toril (Pob.), Davao City",0939 2992275,ave_pena@yahoo.com.ph,10/31/2026
Region 11,Mabuhay Accommodation,DOT-R11-MAB-00270-2021,D' Garden Inn,-,Davao City,"Km.11 Mc Arthur Highway, Brgy Bago Aplaya, Davao City",(082) 285-7907,dgardeninn@yahoo.com.ph,10/31/2025
Region 11,Mabuhay Accommodation,DOT-R11-MAB-00447-2022,Park Avenue Residence Inn & Suites,-,Davao City,"Rnc Bldg. 3 Park Avenue Cor. J. P . Laurel Ave., Bajada, Davao City",09239139975 / 315-2331,paris.davao@yahoo.com.ph,10/31/2026
Region 11,Mabuhay Accommodation,DOT-R11-MAB-01018-2024,Wind and Waves Beach Resort,Davao Oriental,Mati City,"Purok Kumintang Bangonay, Brgy Bobon, Mati City, Davao Oriental",0922 8411370,sbpaquibot@yahoo.com,10/31/2026
Region 11,Mabuhay Accommodation,DOT-R11-MAB-00720-2023,Cozy Quartelle Rooms & Suites,Davao de Oro,Nabunturan,"P-5 Landundal ST. Poblacion, Nabunturan Davao de Oro",0912-508-881/0948-807-5551,ceciliamesiona1970@gmail.com,10/31/2026
Region 11,Mabuhay Accommodation,DOT-R11-MAB-00187-2021,Oh George Inn,-,Davao City,"Brgy 10-A San Rafael Village, Maa, Davao City",0919 065 7426,a1albcorp@gmail.com,10/31/2026
Region 11,Mabuhay Accommodation,DOT-R11-MAB-01298-2024,Hop Inn,-,Davao City,"Hop Inn Building, 341 Lot 1175, C1-C3, J.P Laurel Avenue, Bajada, Davao City",082 241 7600,hm.davaocity@hopinnhotel.com,10/31/2026
Region 11,Mabuhay Accommodation,DOT-R11-MAB-01302-2024,Sorlinda's Inland Resort,Davao del Norte,IGACOS,"Sitio Pasig, Brgy Peñaplata (Pob.), Island Garden City of Samal, Davao del Norte",0939 9296221,sorlindainlandresort@gmail.com,10/31/2025
Region 11,Mabuhay Accommodation,DOT-R11-MAB-00741-2023,Rainbow Breeze Beach Resort,Davao del Norte,IGACOS,"Purok 1 Barangay Caliclic Babak District, Island Garden City of Samal, Davao Del Norte",09472204736 / 09105889496,rbbrsamal@gmail.com,10/31/2026
Region 11,Mabuhay Accommodation,DOT-R11-MAB-00379-2022,Jardin De Ysabelle Eco Park,Davao del Norte,IGACOS,"Purok 6 Tagluno Brgy. Tagbitan-Ag, Island Garden City of Samal, Davao del Norte",0967 4089302,jardindeysabelle@gmail.com,10/31/2026
Region 11,Mabuhay Accommodation,DOT-R11-MAB-00005-2020,Eco Green Boutique Hotel,-,Davao City,"Terminal Exit Road, Candelaria St. Ecoland Brgy. Bucana Talomo District Davao City",0917 7050833,ecogreenboutiquehotel0430@gmail.com,10/31/2026
Region 11,Mabuhay Accommodation,DOT-R11-MAB-00264-2021,D' Counter Executive Inn and Restaurant,-,Davao City,"15-B J. Camus St., Davao City",0918 9221922,cynthliston@yahoo.com,10/31/2025
Region 11,Mabuhay Accommodation,DOT-R11-MAB-00018-2020,"The Big House, A Heritage Home",-,Davao City,12 Juna Avenue Matina Davao City,"(082) 285-7665, 09175000543",thebighouse.davao@gmail.com,10/31/2025
Region 11,Mabuhay Accommodation,DOT-R11-MAB-01037-2024,We R Inn,-,Davao City,"Door 8 Central Plaza 1 Bldg, Brgy 12-B, Davao City",0922 8418102,we_r_inn@yahoo.com,10/31/2025
Region 11,Mabuhay Accommodation,DOT-R11-MAB-00590-2023,Central District Hotel,-,Davao City,"C.M Recto corner Palma Gil, Davao City","(082) 228-1842, 09226642035",centraldistricthotel@yahoo.com,10/31/2025
Region 11,Mabuhay Accommodation,DOT-R11-MAB-00728-2023,Sequioa Inn,-,Davao City,"72-74 T. Monteverde St., Barangay 27-C (Pob.), Davao City",(082) 227-8238,bbysteff@yahoo.com,10/31/2025
Region 11,Mabuhay Accommodation,DOT-R11-MAB-00409-2022,VBH Inn,-,Davao City,VBH Inn Bldg. W. Aquino St. Brgy. Kapitan Tomas Monteverde Sr. Agdao Davao City,0948 4792438,vbhinn@yahoo.com.ph,10/31/2025
Region 11,Mabuhay Accommodation,DOT-R11-MAB-01318-2024,Dahican Beach Resort,Davao Oriental,Mati City,"Purok Maribojoc, Brgy Dahican, Mati City, Davao Oriental",0935 5326391,janettetuble06@yahoo.com,10/31/2025
Region 11,Mabuhay Accommodation,DOT-R11-MAB-00560-2023,Nacyl-v Transient House,-,Davao City,"Purok-1 Mambago-B Babak District, Island garden City of Samal, Davao del Norte",0946 4565320,nacylvalera@gmail.com,10/31/2025
Region 11,Mabuhay Accommodation,DOT-R11-MAB-01051-2024,DGLM Inland Leisure Center,Davao del Norte,Tagum City,"Purok Maharlika, Brgy. Cuambogan, Tagum City, Davao del Norte",0917 7916034,dglmilc@gmail.com,10/31/2026
Region 11,Mabuhay Accommodation,DOT-R11-MAB-00240-2021,RedDoorz - 100 Roxas Avenue,-,Davao City,"Ground Floor LCI Bldg. II, 100 Roxas Avenue, Brgy. 32-D Pob., Davao City",(082) 2971926,cegaviola@lciproperty.com,10/31/2026
Region 11,Mabuhay Accommodation,DOT-R11-MAB-00640-2023,MGL Resthouse and Foodhouse,-,Davao City,"Lote Riverside, Zone 2, Sta Cruz, Davao del Sur",0929 4472789,2216mercydominice@gmail.com,10/31/2026
Region 11,Mabuhay Accommodation,DOT-R11-MAB-00360-2022,Jotel Inn,-,Davao City,434 E. Quirino Avenue,(082) 287 5558,jotelhotelinnovcorp@gmail.com,10/31/2025
Region 11,Mabuhay Accommodation,DOT-R11-MAB-01015-2024,Cris Inn Tagum,Davo del Norte,Tagum City,"Prk. Malinawon, Apokon Road, Brgy. Magugpo North, Tagum City, Davao del Norte",0967 1841642,crisinn97@gmail.com,10/31/2025
Region 11,Mabuhay Accommodation,DOT-R11-MAB-00247-2021,Elles Pension House,-,Davao City,"A & J Bldg. cor. Gen. Luna St. and Mt Apo St., Brgy 7-A Pob., Davao City",(082) 221 8499,laurentemarygrace12@gmail.com,10/31/2025
Region 11,Mabuhay Accommodation,DOT-R11-MAB-00724-2023,The Anisabel Suites Inc.,-,Davao City,"88 FS Dizon Road, Rolling Hills, Bajada, Brgy. 19-B (Pob.), Davao City",0915 6266475,anisabelsuites@gmail.com,10/31/2025
Region 11,Mabuhay Accommodation,DOT-R11-MAB-01338-2024,Ruemango Apartelle and Suites,-,Davao City,"516 Manga St., Juna Subd., Brgy. Matina Crossing, Davao City","(082)295-7180, 295-7175, 392-1626",ruemangoapartelleandsuites@gmail.com,10/31/2026
Region 11,Mabuhay Accommodation,DOT-R11-MAB-00009-2020,Sumo Asia Hotel,-,Davao City,"Mamay Road, Brgy. Alfonso Angliongto Sr., Davao City",(082) 322 4236,sumoasiareservation@yahoo.com,10/31/2026
Region 11,Mabuhay Accommodation,DOT-R11-MAB-00258-2021,Sun My Hotel Corporation,-,Davao City,"888 Building Davao ave cor. Vinzon St., Brgy 15-B (Pob.), Davao City",0927 5052388,executive.sunmyhotel@gmail.com,10/31/2026
Region 11,Mabuhay Accommodation,DOT-R11-MAB-01341-2024,South Point Beach House,Davao Oriental,Mati City,"Purok 1 Biao, Brgy. Langka, Mati City, Davao Oriental",0917 3236547,southpoint123beachhouse@gmail.com,10/31/2026
Region 11,Mabuhay Accommodation,DOT-R11-MAB-01343-2024,Altavista Beach Resort,Davao del Norte,IGACOS,"Purok 1 Brgy Caliclic, Island Garden City of Samal, Davao del Norte",0919 7440662,altavistasamal@gmail.com,10/31/2026
Region 11,Mabuhay Accommodation,DOT-R11-MAB-01141-2024,Jack's In The Sky Mountain Resort,-,Davao City,"Purok 34 Sitio Pamuhatan, Marilog, Davao City",082 297 8830,rosannacastin@yahoo.com,10/31/2026
Region 11,Mabuhay Accommodation,DOT-R11-MAB-00344-2022,Nath Fen Suites Inc,-,Davao City,"Pisces St., Doña Luisa Subd. Phase 2, Brgy Bucana, Davao City",0998 8669163 / 285-8274,nfsuites@gmail.com,10/31/2026
Region 11,Mabuhay Accommodation,DOT-R11-MAB-00237-2021,Pacific Palm Suites,-,Davao City,"48 Mamay Road, Diamond Village, Lanang, Brgy Alfonso Angliongto Sr., Davao City",0917 8727770,pacificpalmsuites@yahoo.com.ph,10/31/2025
Region 11,Mabuhay Accommodation,DOT-R11-MAB-01347-2024,Aundanao Oasis Beach,Davao del Norte,IGACOS,"Prk 1A Sitio Tinangisan, Brgy. Aundanao, Island Garden City of Samal, Davao del Norte",0965 2976326,aobr2023@gmail.com,10/31/2026
Region 11,Mabuhay Accommodation,DOT-R11-RES-00050-2021,Canibad Secret Paradise,Davao del Norte,IGACOS,"Brgy Aundanao, Island Garden City of Samal, Davao del Norte",0906 3077878,samalcanibadsecretparadise@gmail.com,10/31/2026
Region 11,Mabuhay Accommodation,DOT-R11-MAB-00623-2023,Cris Inn,Davao del Norte,IGACOS,"Purok 4-A, Brgy. Peñaplata, Island Garden City of Samal, Davao del Norte",0949 8490906,dccs_inc@yahoo.com,10/31/2026
Region 11,Mabuhay Accommodation,DOT-R11-MAB-01351-2024,Coolstay Resort,-,Davao City,"Purok 9, Brgy Los Amigos, Tugbok District, Davao City",0977 6669170,mitchasa09@gmail.com,10/31/2025
Region 11,Mabuhay Accommodation,DOT-R11-MAB-00750-2023,"Haven's Dew Resort, OPC",Davao del Sur,Bansalan,"Purok Neptune, Brgy. Managa, Bansalan, Davao del Sur",0917 1554758,havensdewresort@gmail.com,10/31/2025
Region 11,Mabuhay Accommodation,DOT-R11-MAB-01355-2024,LYR Beach Resort Corporation,Davao del Norte,IGACOS,"Purok 4- Hagnaya, Brgy. Adecor, Kaputian District, Island Garden City of Samal, Davao del Norte",0906 0534985,almejaazul01@gmail.com,10/31/2026
Region 11,Mabuhay Accommodation,DOT-R11-MAB-01357-2024,Tinhat Company,-,Davao City,"407-B Artiaga St., Brgy 36-D Poblacion District, Davao City",(082) 227-9392,tinhatreservation@gmail.com,10/31/2026
Region 11,Mabuhay Accommodation,DOT-R11-MAB-00016-2020,The Lucky 9 Budget Inn,Davao del Norte,Tagum City,"Purok Mencidor,Briz District, Brgy. Magugpo East, Tagum City, Davao del Norte",0942 0823462,lucky9budgethotel@gmail.com,10/31/2025
Region 11,Mabuhay Accommodation,DOT-R11-MAB-00079-2021,Golden Palace Hotel Corporation,Davao del Norte,Tagum City,"Circumferential Road, La Filipina, Tagum City, Davao del Norte",0929 639970,chardloi88@gmail.com,10/31/2026
Region 11,Mabuhay Accommodation,DOT-R11-MAB-00570-2023,Kojo Hotel and Suites Inc.,Davao del Norte,Tagum City,"Garcia St. corner Bonifacio and Sobrecarey, Brgy. Magugpo Poblacion, Tagum City, Davao del Norte",0916 6108439,hr.kojohotels@gmail.com,10/31/2026
Region 11,Mabuhay Accommodation,DOT-R11-MAB-00230-2021,Hotel Cabaguio,-,Davao City,"JP Cabaguio Ave., Brgy. Agdao, Davao City",0917 1667475,wency.moreno@yahoo.com,10/31/2025
Region 11,Mabuhay Accommodation,DOT-R11-MAB-00459-2022,RLG Swimming Pool,-,Davao City,"San Vicente, Daliao, Toril, Davao City",0938 9192673,rlgpool21@gmail.com,10/31/2025
Region 11,Mabuhay Accommodation,DOT-R11-MAB-00051-2021,La Vida Hostel,Davao del Norte,IGACOS,"P-6, Brgy. Catagman, Island Garden City of Samal, Davao del Norte",0917 7700330,lavidasamal@gmail.com,10/31/2025
Region 11,Mabuhay Accommodation,DOT-R11-MAB-00101-2021,Midori Inn,-,Davao City,"Jose Abad Santos St., Davao City",(082) 233-4557,infomidoriinn@gmail.com,10/31/2025
Region 11,Mabuhay Accommodation,DOT-R11-MAB-00091-2021,Casa Leticia Business Inn,-,Davao City,"Maya St., Ecoland, Brgy. Bucana, Talomo District, Davao City",(082) 296-05-01,rldi.inc.dvo@gmail.com,10/31/2025
Region 11,Mabuhay Accommodation,DOT-R11-MAB-00503-2022,BS Inn,-,Davao City,"Gempesaw St., corner Monteverde St., Brgy 27-C, Davao City",(082) 221-3980,bsinn2004@yahoo.com,10/31/2025
Region 11,Mabuhay Accommodation,DOT-R11-MAB-00686-2023,Grand8 Guesthouse,Davao del Norte,IGACOS,"Purok 3 Upper Caliclic, Brgy. Limao, Island Garden City of Samal, Davao del Norte",0915 0070945,mimimeldz888@gmail.com,10/31/2026
Region 11,Mabuhay Accommodation,DOT-R11-MAB-00031-2020,Domicilio Lorenzo,-,Davao City,"113 Camia St., Juna Subd., Davao City",0917 8561834,domicilio.lorenzo@yahoo.com,10/31/2025
Region 11,Mabuhay Accommodation,DOT-R11-MAB-01380-2024,Orange Grove Hotel,-,Davao City,"123 Crossing Buhangin, Davao City",0922 8941003,groveorange26@gmail.com,10/31/2026
Region 11,Mabuhay Accommodation,DOT-R11-MAB-00532-2022,Oceano Con Vista Highland Events Place Rental,Davao del Norte,IGACOS,"Purok 5 Kimoko, Barangay Aumbay, Island Garden City of Samal, Davao del Norte",0926 1134714,oceanoconvista@gmail.com,10/31/2026
Region 11,Mabuhay Accommodation,DOT-R11-MAB-00726-2023,Hotel Sogo,-,Davao City,"Km 4, JP Laurel Ave., Brgy. Buhangin (Pob.), Davao City",0968 5354157,s45.cpms@hotelsogo.com,10/31/2026
Region 11,Mabuhay Accommodation,DOT-R11-MAB-01386-2024,Lumbayan Beach Resort,Davao del Sur,Hagonoy,"Purok 7, Balutakay Hagonoy Davao Del Sur",0947 8930919,amlumbayanagribusiness@gmail.com,10/31/2025
Region 11,Mabuhay Accommodation,DOT-R11-MAB-01389-2024,VIlla Viva Belgica,-,Davao City,"Luzviminda Village, 226 Hyacinth St., Brgy. Ma-a, Davao City",(082)-3224645 / 09062534601,vvbelgica@gmail.com,10/31/2025
Region 11,Mabuhay Accommodation,DOT-R11-MAB-00013-2020,Asrodel Hotel,-,Davao City,"78 Artiaga St., Davao City","(082) 228 5746, 0933 825 6879",asrodelhotel@yahoo.com,10/31/2026
Region 11,Mabuhay Accommodation,DOT-R11-MAB-01392-2024,Inside Room Inn,Davao del Norte,Tagum City,"Pioneer Avenue, Brgy. Magugpo Poblacion, Tagum City",0922 8625339,innsideroom@gmail.com,10/31/2025
Region 11,Mabuhay Accommodation,DOT-R11-MAB-01393-2024,Casa Leticia Boutique Hotel,-,Davao City,"J. Camus St., Brgy 4-A, Davao City",(082) 224-0501,rvi.inc.dvo@gmail.com,10/31/2025
Region 11,Mabuhay Accommodation,DOT-R11-MAB-00039-2020,Davao Obrero Suites,-,Davao City,"70 Palma Gil Street, Barrio Obrero, Davao City",0905 4472810,obrerosuites@gmail.com,10/31/2025
Region 11,Mabuhay Accommodation,DOT-R11-MAB-00341-2022,Optimum Inn,-,Davao City,"South Villa Heights 2 , Brgy. Catalunan Grande, Davao City",0917 1043980,mrnbordios@yahoo.com,10/31/2025
Region 11,Mabuhay Accommodation,DOT-R11-MAB-01038-2024,Magooz Homestay,Davao del Norte,IGACOS,"Purok 2, Brgy. Caliclic (Dangca-an), Babak, Island Garden City of Samal, Davao del Norte",0956 758 2097,magoozpinquiry@gmail.com,10/31/2026
Region 11,Mabuhay Accommodation,DOT-R11-MAB-00180-2021,La-Florenda Beach Resort,Davao del Norte,IGACOS,"Purok 4, Brgy. Catagman, Island Garden City of Samal, Davao del Norte",0928 7718956,norheenheramil@gmail.com,10/31/2026
Region 11,Mabuhay Accommodation,DOT-R11-MAB-01401-2025,PCHH Homestay,Davao del Norte,IGACOS,"Purok 1-A, Sitio Tinangisan, Brgy. Aundanao, Island Garden City of Samal, Davao del Norte",0905 8189492,pcholidayhome@gmail.com,10/31/2025
Region 11,Mabuhay Accommodation,DOT-R11-MAB-01402-2025,TLSY Beach Front Resort,Davao del Norte,IGACOS,"Purok 3, Brgy. Camudud, Island Garden City of Samal, Davao del Norte",0919 0007221,tlsybeachresort@gmail.com,10/31/2026
Region 11,Mabuhay Accommodation,DOT-R11-MAB-00313-2022,YKG Hotel,Davao Oriental,Mati City,"Geralde Building, National Highway, Brgy. Dahican Mati City, Davao Oriental",0916 2679138,ykghotel@yahoo.com,10/31/2026
Region 11,Mabuhay Accommodation,DOT-R11-MAB-00445-2022,Honey's Hotel and Restaurant,Davao Oriental,Mati City,"Purok Mapayapa, Brgy. Matiao, Mati City, Davao Oriental",0923 0818765,honeyshotelrestaurant@yahoo.com.ph,10/31/2026
Region 11,Mabuhay Accommodation,DOT-R11-MAB-00221-2021,Heroben Hometel,Davao del Norte,Tagum City,"Heroben Compound, Osmeña Extension, Brgy. Magugpo West, Tagum City, Davao del Norte",(084) 655-6994,hometelheroben@yahoo.com,10/31/2026
Region 11,Mabuhay Accommodation,DOT-R11-MAB-00348-2022,Castle Dreams Hotel,-,Davao City,"J. Saavedra, Brgy. Lizada, Toril, Davao City",(082) 327-8586,castledreamshotel@gmail.com,10/31/2025
Region 11,Mabuhay Accommodation,DOT-R11-MAB-00199-2021,Blaret Hometel,Davao Oriental,Baganga,"Blk. 5, Sto. Niño, Brgy. Lambajon, Baganga, Davao Oriental",0962 6825206,bebethvirgo@gmail.com,10/31/2025
Region 11,Mabuhay Accommodation,DOT-R11-MAB-00294-2021,Thirty Eight Hampton Suites,-,Davao City,"Lapu-Lapu St., Brgy 15-B Pob., Davao City",0917 1873838,hamptonsuitesdavao@gmail.com,10/31/2026
Region 11,Mabuhay Accommodation,DOT-R11-MAB-00376-2022,Davao Bamboo Sanctuary and Ecological Park,-,Davao City,"Purok 5, Barangay Malagos, Baguio District, Davao City",0917 6212652,davbamboosanctuaryandecopark@gmail.com,10/31/2026
Region 11,Mabuhay Accommodation,DOT-R11-MAB-01045-2024,My Hotel,-,Davao City,"San Pedro St., Brgy 2-A (Pob.), Davao City",(082) 222-2021,myhoteldavao@gmail.com,10/31/2025
Region 11,Mabuhay Accommodation,DOT-R11-MAB-01404-2025,Michigan Guest House,Davao Oriental,Baganga,"Purok Paglimasan, Brgy. Saoquegue, Baganga, Davao Oriental",0955 2462035,michiganguesthouse@gmail.com,10/31/2025
Region 11,Mabuhay Accommodation,DOT-R11-MAB-01056-2024,Daylight Inn,-,Davao City,"2/F 3S Realty Corp Bldg., San Pedro St., Davao City",0998 5679779,daylightinn@gmail.com,10/31/2025
Region 11,Mabuhay Accommodation,DOT-R11-MAB-00310-2022,Hotel Midori,-,Davao City,"Gov. Duterte St., Brgy. 3-A(Pob.), Davao City",082 327 6021,hotelmidoridavao@gmail.com,10/31/2025
Region 11,Mabuhay Accommodation,DOT-R11-MAB-01447-2025,Kris and Frans Inn,-,Davao City,"Ramos Bldg., TFC Sandawa Road, Brgy. Bucana, Davao City",0917 7777166,francislaurenceramos@gmail.com,10/31/2025
Region 11,Mabuhay Accommodation,DOT-R11-MAB-00328-2022,RMPC Beach Resort,Davao del Norte,IGACOS,"Purok 3, Brgy. Camudud, Island Garden City of Samal, Davao del Norte",0918 3708809,rmpcb@yahoo.com,10/31/2026
Region 11,Mabuhay Accommodation,DOT-R11-MAB-01450-2025,LG Hotel,-,Davao City,"846 Vinzon St., Bo. Obrero, Brgy. 15-B (Pob.), Davao City",0981-690-7389,lghoteldavao@gmail.com,10/31/2025
Region 11,Mabuhay Accommodation,DOT-R11-MAB-00661-2023,Qi Xiang Business Inn,Davao de Oro,Nabunturan,"Purok 1, Sta Teresita Ave., Brgy. Poblacion, Nabunturan, Davao de Oro",0917 7199038,qxnabunturan@gmail.com,10/31/2025
Region 11,Mabuhay Accommodation,DOT-R11-MAB-01454-2025,Publikhaus Homestay,Davao del Norte,IGACOS,"Purok 7, Caliclic (Dangca-an), Island Garden City of Samal, Davao del Norte",0915 3375100,peraltaninapaula@yahoo.com,10/31/2025
Region 11,Mabuhay Accommodation,DOT-R11-MAB-01455-2025,Hideaway Beach Resort,Davao del Norte,IGACOS,"Purok Pandan, Brgy. San Remigio, Kaputian District, Island Garden City of Samal, Davao del Norte",0962-928-2767,hideawaybeachresort08@gmail.com,10/31/2025
Region 11,Mabuhay Accommodation,DOT-R11-MAB-01460-2025,Hijo Resorts Davao,Davao del Norte,Tagum City,"Hijo Plantation, Brgy. Madaum, Tagum City, Davao del Norte",0919 9112150,legal@hijoresources.com,10/31/2026
Region 11,Mabuhay Accommodation,DOT-R11-MAB-01464-2025,Punta de Gloria Villas,Davao del Norte,IGACOS,"Purok 6 Sitio Ilihan, Brgy. Camudmud, Island Garden City of Samal, Davao del Norte",0916 5395533,puntadegloriaresort@gmail.com,10/31/2026
Region 11,Mabuhay Accommodation,DOT-R11-MAB-01467-2025,Hotel Esse,-,Davao City,"Brgy. 9-A, F. Torres St., Brgy. 9-A, Davao City",(082) 227-3773 / (082) 295-3485 / 09236386295,hotelessedavao@gmail.com,10/31/2025
Region 11,Mabuhay Accommodation,DOT-R11-MAB-01468-2025,Lispher Inn,-,Davao City,"13 Juna Avenue Juna Subdivision, Brgy. Matina Crossing, Davao City",(082) 299-1610,lispherinn@yahoo.com,10/31/2026
Region 11,Mabuhay Accommodation,DOT-R11-MAB-01469-2025,Luxebridge Hotel,-,Davao City,"Purok 14 Unit 1 Hotelex Ma-a Road (Fronting Muslim Mosque) Brgy. Ma-a, Talomo District, Davao City",0995 2038012,admin@luxebridgehotel.com,10/31/2025
Region 11,Mabuhay Accommodation,DOT-R11-MAB-00213-2021,Langoyon Beach Resort,Davao Oriental,Baganga,"Purok Molave, Brgy. Baculin, Baganga, Davao Oriental",09270244712 / 09171198183,langoyon1974@gmail.com,10/31/2026
Region 11,Mabuhay Accommodation,DOT-R11-MAB-01477-2025,PLS Beach Resort,Davao del Norte,IGACOS,"Brgy. Sta Cruz, Talicud Island, Island Garden City of Samal, Davao del Norte",0920 9093181,roy@drilon.com,10/31/2025
Region 11,Mabuhay Accommodation,DOT-R11-MAB-01478-2025,Jardin De Señorita,Davao del Sur,Digos City,"Purok Bugak, Bacoco Kapatagan, Brgy. Kapatagan, Digos City, Davao del Sur",0970 9887732,jardindesenorita@gmail.com,10/31/2026
Region 11,Mabuhay Accommodation,DOT-R11-MAB-01479-2025,RCH Farm Resort,-,Davao City,"Purok 6 Along Tagurano Road, Brgy. Eden, Davao City",0919 5797186,carlvinceherrero@gmail.com,10/31/2025
Region 11,Mabuhay Accommodation,DOT-R11-MAB-01481-2025,Estella Beach'n Star Resort,Davao Oriental,Baganga,"Purok Molave, Brgy. Baculin, Baganga, Davao Oriental",0919 4219064,estellabnsr@gmail.com,10/31/2026
Region 11,Mabuhay Accommodation,DOT-R11-MAB-01484-2025,Citistar Hotel,Davao del Norte,Santo Tomas,"Purok 2-A, Brgy. Tibal-og, Santo Tomas, Davao del Norte",0970 2787971,jlpacctg2021@gmail.com,10/31/2025
Region 11,Mabuhay Accommodation,DOT-R11-MAB-01492-2025,Davao Persimmon Suites,-,Davao City,"Lot 58-A8 Rizal Ext., Brgy 38-D (Pob.), Davao City",0910 9475682,mertorodolfo@yahoo.com,10/31/2025
Region 11,Mabuhay Accommodation,DOT-R11-MAB-00470-2022,The Royale House Hotel & Dormitel,Davao del Norte,Tagum City,"Malinawon 2 Briz, Brgy. Magugpo East, Tagum City, Davao del Norte",0970 9896093,royalehousetagum@gmail.com,10/31/2026
Region 11,Mabuhay Accommodation,DOT-R11-MAB-01500-2025,The World Palace Business Center,-,Davao City,"Acacia St. Juna Subd.Matina, Brgy. Bucana, Davao City",(082) 235 4613,worldpalaceinquiry@gmail.com,10/31/2025
Region 11,Mabuhay Accommodation,DOT-R11-MAB-00182-2021,Yellowpad,-,Davao City,"Lot 11 D7, Tulip Drive, Brgy. Matina Crossing, Davao City",0918 6362778,jeni_casuga@yahoo.com,10/31/2025
Region 11,Mabuhay Accommodation,DOT-R11-MAB-00219-2021,Sampaguita Tourist Inn,-,Davao City,"Camus St. Cor. Quirino Ave., Brgy 7-A, Davao City",0917 7190794,sampaguitahometeldavao@gmail.com,10/31/2025
Region 11,Mabuhay Accommodation,DOT-R11-MAB-00667-2023,Las Casitas de Angela Hotel,-,Davao City,"#510 Garduque Bldg., Loyola St., Bo. Obrero, Brgy 18-B, Davao City",0908 8120826,casitasdeangela@yahoo.com,10/31/2025
Region 11,Mabuhay Accommodation,DOT-R11-MAB-01509-2025,Snooze Inn and Suites,-,Davao City,"#77 Snooze Inn and Suites Bldg., McArthur Highway, Brgy. Matina Crossing, Davao City",0917 1423117,hr.wyvernventuresinc@gmail.com,10/31/2025
Region 11,Mabuhay Accommodation,DOT-R11-MAB-01510-2025,Playa del Rosario Resort,Davao Oriental,Baganga,"Bobon, Brgy. Salingcomot, Baganga, Davao Oriental",0917 7171615,deanna@playadelrosario.com,10/31/2026
Region 11,Mabuhay Accommodation,DOT-R11-MAB-01512-2025,Frances Inn,-,Davao City,"Quimpo Boulevard, Ecoland, Brgy. Bucana, Davao City",0926 6814485,francesinn2023@gmail.com,10/31/2026
Region 11,Mabuhay Accommodation,DOT-R11-MAB-01513-2025,Madonna Hometel & Suites New Pandan,Davao del Norte,Panabo City,"Purok Alaska, Quezon Street, Brgy. New Pandan (Pob.), Panabo City, Davao del Norte",0922 8456209,meds_ursos@yahoo.com,10/31/2025
Region 11,Mabuhay Accommodation,DOT-R11-MAB-01514-2025,Citistyle Inn,-,Davao City,"Jasmin St. Purok 7, Brgy. Ubalde, Davao City",0932 6797727,citistyleinndavao@gmail.com,10/31/2026
Region 11,Mabuhay Accommodation,DOT-R11-MAB-01516-2025,Tower Inn,-,Davao City,"E. Quirino Avenue, Brgy. 7-A (Pob.), Davao City",(082) 221-1099 / 0995 6136458,towerinnsales.dvo@gmail.com,10/31/2026
Region 11,Mabuhay Accommodation,DOT-R11-MAB-01517-2025,Loleng's Mountain Resort,-,Davao City,"Eden-Bayabas, Toril, Davao City",(082) 221-1099 | 0995-834-6509,almirasalutillo@umindanao.edu.ph,10/31/2026
Region 11,Mabuhay Accommodation,DOT-R11-MAB-00242-2021,Sampaguita Tourist Inn,-,Davao City,"Mt. Mayon St., Barangay 7-A (Pob.), Davao City",0917 7190794,abelladacudao20@gmail.com,10/31/2025
Region 11,Mabuhay Accommodation,DOT-R11-MAB-01521-2025,Bajada Suites OPC,-,Davao City,"Ebgum Bldg. J.P. Laurel Ave. Bajada, Brgy.18-B Pob., Davao City",0975 2367500,bajadasuites@gmail.com,10/31/2026
Region 11,Mabuhay Accommodation,DOT-R11-MAB-00034-2020,Red Knight Gardens,-,Davao City,"8th street, Guadalupe Village, Lanang, Brgy. Alfonso Angliongto Sr., Davao City",(082) 233 0618,redknightgardensdavao@gmail.com,10/31/2025
Region 11,Mabuhay Accommodation,DOT-R11-MAB-00028-2020,Qanaq Hotel,-,Davao City,"B. E. Squared Bldg. Km3 MacArthur Highway, Matina, Davao City",0923 9107391,qanaqhotel@gmail.com,10/31/2026
Region 11,Mabuhay Accommodation,DOT-R11-MAB-00014-2020,Madonna Hometel & Suites,Davao del Norte,Panabo City,"Quezon Street, Brgy. Santo Niño, Panabo City, Davao del Norte",0922 8456209,madonna.suites@gmail.com,10/31/2025
Region 11,Mabuhay Accommodation,DOT-R11-MAB-00515-2022,Hotel Uno,-,Davao City,"CM Recto St., Brgy. 34-D Pob., Davao City",0917 6820051,hotelunodavao@gmail.com,10/31/2026
Region 11,Mabuhay Accommodation,DOT-R11-MAB-01539-2025,Jillux Lodging Beach Resort,Davao Oriental,Baganga,"Block 4, Brgy. Lambajon, Baganga, Davao Oriental",0997 3643100,Jilluxbeachresort@gmail.com,10/31/2025
Region 11,Mabuhay Accommodation,DOT-R11-MAB-01538-2025,Moonlit Baganga Beach Resort,Davao Oriental,Baganga,"Sitio Mabua, National Highway, Brgy. Saoquegue, Baganga, Davao Oriental",0966 5440880,lfaithpharmacy@gmail.com,10/31/2025
Region 11,Mabuhay Accommodation,DOT-R11-MAB-01537-2025,Agostos Suites,-,Davao City,"174-A Santo Niño, Dumanlas, Brgy. Buhangin (Pob.), Davao City",0912 0745050,solisjollypearl@gmail.com,10/31/2025
Region 11,Mabuhay Accommodation,DOT-R11-MAB-00071-2021,First Pacific Inn,-,Davao City,"498 Quirino Ave., Brgy. 9-A (Pob.), Davao City",0922 8259173,firstpacificinndavaofrontdesk@gmail.com,10/31/2026
Region 11,Mabuhay Accommodation,DOT-R11-MAB-01047-2024,Deck 360 Inn,-,Davao City,"Lot 24-25 Blk 27 Circumferential Road, Garcia Heights, Brgy. 19-B (Pob.), Davao City",(082) 287 6946,krrllproperties@gmail.com,10/31/2025
Region 11,Mabuhay Accommodation,DOT-R11-MAB-01548-2025,Coral Dive Beach Resort,Davao de Oro,Mabini,"Purok 17, Brgy. Tagnanan (Mampising), Mabini, Davao de Oro",0908 8646376,coral_dive_Tagnanan@yahoo.com,10/31/2025
Region 11,Mabuhay Accommodation,DOT-R11-MAB-01551-2025,RGB Tourist Inn,Davao del Norte,Kapalong,"Prk.6 Magsaysay Street, Brgy. Maniki (Poblacion), Kapalong, Davao del Norte",0917 7210320,rgb_enterprise@yahoo.com,10/31/2025
Region 11,Mabuhay Accommodation,DOT-R11-MAB-01055-2024,Primo Whitesand Beach Resort,Davao Oriental,Baganga,"Block 9, Brgy. Lambajon, Baganga, Davao Oriental",0905 0996499,primowhitesandbeachresort@gmail.com,10/31/2026
Region 11,Mabuhay Accommodation,DOT-R11-MAB-01557-2025,Davao Hub Dormitelle,-,Davao City,"General Luna St., Barangay 7-A (Pob.), Davao City",0920 9254699,davaohub1@gmail.com,10/31/2025
Region 11,Mabuhay Accommodation,DOT-R11-MAB-00406-2022,D' Japanese Tunnel Family Resort and Restaurant,-,Davao City,"Hillcrest Subd., Balusong Ext., Brgy. Matina Crossing, Davao City",0962 7616620,djapanesetunnelfamilyresort@gmail.com,10/31/2025
Region 11,Mabuhay Accommodation,DOT-R11-MAB-01571-2025,Eagle's Nest Beach Resort,Davao del Norte,IGACOS,"Purok 3, Brgy. Balet, Babak, Island Garden City of Samal, Davao del Norte",0946-1324728,davaotropical@gmail.com,10/31/2025
Region 11,Mabuhay Accommodation,DOT-R11-MAB-01575-2025,Cavanico IL Mare Resort,Davao del Norte,IGACOS,"Brgy. Camudmud, Island Garden City of Samal, Davao del Norte",0963 2693379,cavanicohrmd@gmail.com,10/31/2026
Region 11,Mabuhay Accommodation,DOT-R11-MAB-00283-2021,Grand Amber Country Inn,-,Davao City,"San Jose St., Km 7 Lanang, Brgy. Alfonso Angliongto Sr., Davao City",082 2345622,grandambercountryinn@gmail.com,10/31/2025
Region 11,Mabuhay Accommodation,DOT-R11-MAB-01588-2025,Mergrande Ocean Resort,-,Davao City,"Purok 17 Bliss, Brgy. Bago Aplaya, Davao City",(082) 298 4100,mergrande_oceanresort@yahoo.com,10/31/2025
Region 11,Mabuhay Accommodation,DOT-R11-MAB-01548-2025,Coral Dive Beach Resort,Davao de Oro,Mabini,"Purok 17, Brgy. Tagnanan (Mampising), Mabini, Davao de Oro",0908 8646376,coral_dive_Tagnanan@yahoo.com,10/31/2025
Region 11,Mabuhay Accommodation,DOT-R11-MAB-01592-2025,Casa Julieta,-,Davao City,"Kasoy St., Juna Subd., Matina Crossing, Davao City",0926 0482848,aln3brosincorp@gmail.com,10/31/2025
Region 11,Mabuhay Accommodation,DOT-R11-MAB-01422-2025,WL Condominium Unit Rental,-,Davao City,"Unit 519, Martel Bldg., Verdon Parc, Peacock St. corner Ecoland Drive, Bucana, Davao City",0919 0011907,kwodruman@yahoo.com,10/31/2025
Region 11,Mabuhay Accommodation,DOT-R11-MAB-01424-2025,RK Condo Unit Rental,-,Davao City,"Unit 4-526, 8 Spatial Condominium, Don Julian Rodriguez Ave., Maa, Talomo, Davao City",0916 4157064,rkoyr@yahoo.com,10/31/2025
Region 11,Mabuhay Accommodation,DOT-R11-MAB-01425-2025,Jazzhy Condo Unit Rental,-,Davao City,"Unit 8634, Floor 6, Bdlg 8, 8 Spatial Condo, Don Julian Rodriguez Ave., Ma-a Road, Davao City",0928 3857947,ruby_cns@yahoo.com,10/31/2025
Region 11,Mabuhay Accommodation,DOT-R11-MAB-01428-2025,Cozy Nook Condotel,-,Davao City,"Unit 419, Bldg A, Centro Spatial, Bolton Ext., Brgy 39-D, Davao City",0910 6833836,cozynookcondotel@gmail.com,10/31/2025
Region 11,Mabuhay Accommodation,DOT-R11-MAB-01434-2025,Sha Condo Unit Rental,-,Davao City,"Unit 805, Bldg A, Centro Spatial, Bolton Ext., Brgy 39-D, Davao City",09106833836; +818048881683,shacondounitrental@gmail.com,10/31/2025
Region 11,Mabuhay Accommodation,DOT-R11-MAB-01445-2025,Alte Condo Unit Rental,-,Davao City,"Bldg 1 Flr. 1 Unit 121, One Oasis Davao Bldg, Ecowest Drive, Ecoland, Davao City",0905 8459929,alisontes@yahoo.com,10/31/2025
Region 11,Mabuhay Accommodation,DOT-R11-MAB-01446-2025,Herbie Ann's Condo Unit Rental,-,Davao City,"Unit328 Bldg A, Centro Spatial, Bolton Ext., Brgy 39-D, Davao City",0933 8249920,herbieann.hawtay@unc.edu.ph,10/31/2025
Region 11,Mabuhay Accommodation,DOT-R11-MAB-01457-2025,LLG Condotel,-,Davao City,"Unit UA810, 8th Flr., Centro Spatial, Bolton Ext., Brgy 39-D, Davao City",0945 5049778,lewelynnavarro@gmail.com,10/31/2025
Region 11,Mabuhay Accommodation,DOT-R11-MAB-01459-2025,Yacob Condo Unit Rental,-,Davao City,"Unit 608, 8 Spatial Condominium, Don Julian Rodriguez Ave., Maa, Talomo, Davao City",0985 1475237,lamerajoseph289@gmail.com,10/31/2025
Region 11,Mabuhay Accommodation,DOT-R11-MAB-01466-2025,KVista Condotel,-,Davao City,"Unit 4405, 8 Spatial Condominium, Don Julian Rodriguez Ave., Maa, Talomo, Davao City",0961 1210392,purak2389@gmail.com,10/31/2025
Region 11,Mabuhay Accommodation,DOT-R11-MAB-01473-2025,FRANCEMELLE Real Property Leasing,-,Davao City,"Unit 1803 Inspiria Condominium, JP Laurel Ave., Bajada, Davao City",0917 5940203,francemelle_realpropertyleasing@yahoo.com,10/31/2025
Region 11,Mabuhay Accommodation,DOT-R11-MAB-01495-2025,Reeka-Hometel,-,Davao City,"Unit 330 Building 4 One Oasis Condo, Ecowest Drive,Ecoland, Brgy. Bucana, Davao City",0933 055670,wilfmel.c09@gmail.com,10/31/2025
Region 11,Mabuhay Accommodation,DOT-R11-MAB-01496-2025,Reeka-Hometel,-,Davao City,"Unit206 Building3 One Oasis Condo, Ecowest Drive, Ecoland, Brgy. Bucana, Davao City",0933 0556270,cwilfmel@gmail.com,10/31/2025
Region 11,Mabuhay Accommodation,DOT-R11-MAB-01491-2025,Nomad Escapes & Sanctuaries OPC,-,Davao City,"01 Bambulaklak, BLK24 LOT18, Fuji St., Bambu Estate, Brgy. Santo Niño, Davao City",0921 5222540,nomad.escapes@yahoo.com,10/31/2025
Region 11,Mabuhay Accommodation,DOT-R11-MAB-01487-2025,Shiawase Utopia 2 Apartment Rental,-,Davao City,"Unit 522 Bldg. 4 One Oasis Condominium, Ecoland, Brgy. Bucana, Davao City",0908 9104848,celinegomsan17@gmail.com,10/31/2025
Region 11,Mabuhay Accommodation,DOT-R11-MAB-01488-2025,JC Euros COndotel,-,Davao City,"BLDG 4 Unit 414 One Oasis Condominium Ecoland, Brgy. Bucana, Davao City",0970 5509370,urotjaketel@gmail.com,10/31/2025
Region 11,Mabuhay Accommodation,DOT-R11-MAB-01518-2025,Apartelle D' Isabelle Condotels,-,Davao City,"Bldg 1, Unit 122, 8 Spatial Condominium, Brgy. Ma-a, Davao City",0985 1475237,elmercartagena184@yahoo.com,10/31/2025
Region 11,Mabuhay Accommodation,DOT-R11-MAB-01526-2025,Notre Maison Property Leasing,-,Davao City,"No. 3315 One Oasis Condominium Ecoland, Brgy. Bucana, Davao City",0939 9055344,jennybayer82@yahoo.com,10/31/2025
Region 11,Mabuhay Accommodation,DOT-R11-MAB-01529-2025,Elysy Condo Unit Rental,-,Davao City,"Unit 3405 Bldg. 3, 8 Spatial Condominium, Brgy. Ma-a, Davao City",0985 1475237,glen_mira24@yahoo.com,10/31/2025
Region 11,Mabuhay Accommodation,DOT-R11-MAB-01536-2025,Lanante Condo Unit Rental,-,Davao City,"8 Spatial Bldg., 8 Floor 4, Unit 8420, Brgy. Ma-a, Davao City",0905 9538953,lanantecindy@gmail.com,10/31/2025
Region 11,Mabuhay Accommodation,DOT-R11-MAB-01583-2025,Winter's Condotels,-,Davao City,"UB527 Centro Spatial Davao, Brgy. 39-D, Davao City",0976 0920110,richtone.hangad@gmail.com,10/31/2025
Region 11,Mabuhay Accommodation,DOT-R11-MAB-01594-2025,RL Condo Unit Rental,-,Davao City,"Bldg. 8, 4Flr, Rm.8419, 8 Spatial Condominium, Brgy. Ma-a,Davao City",0932 1715170,piqueroleona@gmail.com,10/31/2026
Region 11,Mabuhay Accommodation,DOT-R11-MAB-01598-2025,Leo's Condo Unit Rental,-,Davao City,"Bldg. 4, 5f, Rm.4506 8 Spatial Condominium, Brgy. Maa, Talomo District, Davao City",0918 4438978,mahloupiquero@gmail.com,10/31/2026
Region 11,Resort,DOT-R11-RES-00017-2020,Costa Marina Beach Resort,Davao del Norte,IGACOS,"Purok 7, Brgy Limao, Island Garden City of Samal, Davao del Norte",0917 7958372,costamarinabeachresort@yahoo.com,10/31/2026
Region 11,Resort,DOT-R11-RES-00015-2020,Paradise Island Park and Beach Resort,Davao del Norte,IGACOS,"Purok 2, Brgy. Caliclic, Island Garden City of Samal, Davao del Norte",(082) 234-1229 / (082)233-0251,paradiseislanddavao@gmail.com,10/31/2026
Region 11,Resort,DOT-R11-RES-01052-2024,Holiday Oceanview Beach Resort,Davao del Norte,IGACOS,"Purok 3 Brgy Camudmud, Island Garden City of Samal, Davao del Norte",0956 6939450,oceanviewhov@gmail.com,10/31/2026
Region 11,Resort,DOT-R11-RES-00268-2021,Pearl Farm Beach Resort,Davao del Norte,IGACOS,"Brgy Adecor, Kaputian, Island Garden City of Samal, Davao del Norte",(082) 285-06-01 / 285-08-76,"msbravo@anflocor.com, rccarbonilla@gmail.com",10/31/2026
Region 11,Resort,DOT-R11-RES-00307-2022,Villa Amparo Garden Beach Resort,Davao del Norte,IGACOS,"Purok 6 Sitio Dasag Brgy Camudmud, Island Garden City of Samal, Davao del Norte",0956 4195787,villaamparoleisure@gmail.com,10/31/2026
Region 11,Resort,DOT-R11-RES-00011-2020,Buenavista Island Resort,Davao del Norte,IGACOS,"Purok 1-B, Brgy Balet, Island Garden City of Samal, Davao del Norte",0939 2913373,buenavista.island@gmail.com,10/31/2026
Region 11,Resort,DOT-R11-RES-00003-2020,Eden Mountain Resort,-,Davao City,"Brgy Eden, Toril, Davao City",0905 2679069,edennatureparkdavao@gmail.com,10/31/2026
Region 11,Resort,DOT-R11-RES-00061-2021,Club Samal Resorts Development Inc.,Davao del Norte,IGACOS,"Brgy. Caliclic, Babak District, Island Garden City of Samal, Davao del Norte",0917 6341737,clubsamal.hrd@gmail.com,10/31/2026
Region 11,Resort,DOT-R11-RES-00012-2020,Hof Gorei Beach Resort,Davao del Norte,IGACOS,"Purok 7, Brgy. Adecor, Island Garden City of Samal, Davao del Norte",0917 7113868,hofgoreiresortdavao@yahoo.com,10/31/2026
Region 11,Resort,DOT-R11-RES-00314-2022,Camp Holiday Resort and Recreation Area,Davao del Norte,IGACOS,"Brgy. Kinawitnon, Babak, Island Garden City of Samal",0917 1028835,campholidayresort@gmail.com,10/31/2026
Region 11,Resort,DOT-R11-RES-01420-2025,Discovery Samal,Davao del Norte,IGACOS,"Purok 5, Brgy. Limao, Samal District, Island Garden City of Samal",(084) 308 2998,loreta.jabilles@discoverysamal.com,10/31/2026
Region 11,Resort,DOT-R11-RES-01462-2025,Costa Azalea,Davao del Norte,IGACOS,"Purok 5, Brgy. Limao, Island Garden City of Samal, Davao del Norte",0919 0613265,gs.costaazalea@millennial-resorts.com,10/31/2026
Region 11,Resort,DOT-R11-RES-01480-2025,Chema's by the Sea,Davao del Norte,IGACOS,"Purok 5, Brgy. Limao, Island Garden City of Samal, Davao del Norte",09177235652 / 09177243627,jason.lim@chemasbythesea.com.ph,10/31/2026
Region 11,Resort,DOT-R11-RES-01497-2025,Stream Valley Nature's Park,Davao del Norte,IGACOS,"Purok 1 Brgy Cawag, Samal District, Island Garden City of Samal, Davao del Norte",0917 1497969,virtuquest.corp@yahoo.com,10/31/2026
Region 11,Resort,DOT-R11-RES-01511-2025,Dusit Thani Lubi Plantation Resort,Davao de Oro,Mabini,"Kopiat Island, Brgy. Pindasan, Mabini, Davao De Oro",0906 5876506,events.executive@dusit.com,10/31/2026
Region 11,Resort,DOT-R11-RES-00746-2023,Catigan Mountain Breeze Resort,-,Davao City,"Purok 11 Angeles, Brgy. Catigan, Toril, Davao City",0917 7270011,catiganmountainbreeze@gmail.com,10/31/2026
Region 11,Resort,DOT-R11-RES-00461-2022,Malagos Garden Resort,-,Davao City,"Brgy. Malagos, Baguio District., Davao City",0917 6252467,compliance.malagosgardenresort@gmail.com,10/31/2026
Region 11,Resort,DOT-R11-RES-01097-2024,D' Leonor Inland Resort & Adventure Park,-,Davao City,"Purok 5 Brgy. Communal, Buhangin District, Davao City",(082) 221 1160,dleonorinlandresortadpark2023@gmail.com,10/31/2026
Region 11,Resort,DOT-R11-RES-00265-2021,Leticia by the Sea,Davao del Norte,IGACOS,"Brgy. Santa Cruz, Island Garden City of Samal, Davao del Norte",0970 2244239,leticia.bt.sea@gmail.com,10/31/2026
Region 11,Resort,DOT-R11-RES-00662-2023,Montefrio Garden Resort,Davao del Sur,Digos City,"Sitio Mainit, Brgy. Kapatagan (Rizal), Digos City, Davao del Sur",0998 5799838,mfgrfrontoffice@gmail.com,10/31/2026
Region 11,Travel Agency,DOT-R11-TRA-00122-2021,Vitor Tours and Travel,-,Davao City,"3rd Floor SM City Davao, Ecoland, Brgy Bucana, Davao City",082 2965286,vitortours@yahoo.com,"June 30, 2026"
Region 11,Travel Agency,DOT-R11-TRA-00123-2021,Vitor Tours and Travel,-,Davao City,Lower G/F SM lanang Premier JP laurel Ave. Badaja Davao City,082-2974185,vitortoursandtravel@gmail.com,"June 30, 2026"
Region 11,Travel Agency,DOT-R11-TRA-00166-2021,"Rakso Air Travel & Tours, Inc.",-,Davao City,"111B-112 Robinsons Cybergate Davao, JP Laurel Ave Bajada, Davao City",09173210543 / 09564262473,m.repolles@raksoair.com,"June 30, 2026"
Region 11,Travel Agency,DOT-R11-TRA-00084-2021,Okey Travel and Tours,Davao del Norte,Tagum City,"3F NCCC Mall, Km. 55, National Highway, Magugpo East, Tagum City, Davao del Norte",(084) 655-0214,oktcmain@yahoo.com,"June 30, 2026"
Region 11,Travel Agency,DOT-R11-TRA-00248-2021,Luke John Ticketing Services and Payment Center,-,Davao City,"Purok 5 Sampaguita Street Brgy. Mintal, Tugbok District, Davao City",0906 3035371,lukejohntravelandtours@gmail.com,"June 30, 2026"
Region 11,Travel Agency,DOT-R11-TRA-00463-2022,"Discovery Tour, Inc.",-,Davao City,"G/F Door 109-110 Quimpo Boulevard Ecoland, Davao City",0917 7290802,acctgdvo@discoverytour.ph,"June 30, 2026"
Region 11,Travel Agency,DOT-R11-TRA-00354-2022,Southship Tours and Travel,-,Davao City,"725 F. Torres St., Davao City",228-6946,southshiptours@yahoo.com,"June 30, 2026"
Region 11,Travel Agency,DOT-R11-TRA-00245-2021,GMC Travelmakers (GMC TM TRAVEL AGENCY),-,Davao City,"Dr 5 Ana Dorina Bldg Belen Road Lanang, Brgy Vicente Hizon Sr., Davao City",082 3227673,gmctm1@yahoo.com,"June 30, 2026"
Region 11,Travel Agency,DOT-R11-TRA-00719-2023,Greta Lakwatsera Travel & Tours,Davao del Norte,Tagum City,"Jose Abad Santos St., Purok Sunflower, Brgy Magugpo Poblacion, Tagum City, Davao del Note",0917 8192361,gretchen_ticketingoffice@yahoo.com,"June 30, 2026"
Region 11,Travel Agency,DOT-R11-TRA-00126-2021,Good Fortune Travel Centre,-,Davao City,"Door 6 Lee Business Corner Juan Luna St., Davao City",0917 7056002,Goodfortunetravel@hotmail.com,"June 30, 2026"
Region 11,Travel Agency,DOT-R11-TRA-00586-2023,Skyteam Services Inc,-,Davao City,"3F SM City Davao, Quimp Blvd., Brgy Bucana, Davao City",(082) 282 2820,skyteam_dvo@yahoo.com.ph,"June 30, 2026"
Region 11,Travel Agency,DOT-R11-TRA-00705-2023,Chancepass Ticketing Express,-,Davao City,"Door D Galaxy Arcade, Ilustre St., Davao City",0948 5951777,chancepassticketing@gmail.com,"June 30, 2026"
Region 11,Travel Agency,DOT-R11-TRA-00636-2023,TC Explore Travel and Tours,-,Davao City,"Unit 1 Elena Arcade, Duterte St., Brgy 3-A, Davao City",0923 7339613,tcexploretraveltours@gmail.com,"June 30, 2026"
Region 11,Travel Agency,DOT-R11-TRA-00703-2023,Pasyalera Tours & Travel,Davao del Norte,Tagum City,"2F Gaisano Grand Mall, Brgy Visayan Village, Tagum City, Davao del Norte",0917 6264175,pasyaleratravel@yahoo.com.ph,"June 30, 2026"
Region 11,Travel Agency,DOT-R11-TRA-01013-2024,WeGo Travel and Tours,Davao del Norte,Tagum City,"Purok 1-C, Brgy Apokon, Tagum City, Davao del Norte",09457886830/ 09663068668,info.wegoph@gmail.com,"June 30, 2026"
Region 11,Travel Agency,DOT-R11-TRA-01210-2024,Sweetcase Tour Services,-,Davao City,"Door 6 JTL Plaza, Doña Vicenta Village, JP Laurel Ave., Brgy 19-B, Davao City",0995 6103373,sweetcasetours@gmail.com,"June 30, 2026"
Region 11,Travel Agency,DOT-R11-TRA-01215-2024,John Gold Travel And Tour Services Corp. (Biyahelocity.Com),-,Davao City,"G/F Passenger Terminal Bldg., Davao International Airport, Sasa, Davao City",0917 7050189,anistin8228@gmail.com,"June 30, 2026"
Region 11,Travel Agency,DOT-R11-TRA-01222-2024,Aries Travel and Tours Corporation,-,Davao City,"Door 2, 100 R. Magsaysay Ave., Davao City",0917 5676261,ariestravelandtours01@gmail.com,"June 30, 2026"
Region 11,Travel Agency,DOT-R11-TRA-01033-2024,Skyteam Services Inc,-,Davao City,"4l-45 Gaisano Mall Of Davao, JP Laurel Avenue, Bajada, Davao City",(082) 282 2820,skyteamdvomain@ymail.com,"June 30, 2026"
Region 11,Travel Agency,DOT-R11-TRA-01232-2024,"Mt Apo Travel and Tours, inc.",-,Davao City,"88 Guerrero corner Monteverde Sts., Brgy 30-C, Davao City",0998 9685475,mtapotravel@yahoo.com,"June 30, 2026"
Region 11,Travel Agency,DOT-R11-TRA-00040-2020,CMTan Travel & Tours Corp.,-,Davao City,"Km 7 Lanang, Davao City",0917 7061230,cmtantraveldvo@gmail.com,6/30/2026
Region 11,Travel Agency,DOT-R11-TRA-00688-2023,Rose Travel and Tours,-,Davao City,"Bangoy St., Brgy San Francisco (Pob.), Panabo City, Davao del Norte",0917 1466269,rosetravel95@yahoo.com,6/30/2026
Region 11,Travel Agency,DOT-R11-TRA-00342-2022,Aquagem Travel and Tours,-,Davao City,"249 Iñigo Cervantes St., Bo. Obrero, Brgy 18-B, Davao City",(082) 222 9567,aquagem_tours@yahoo.com,6/30/2026
Region 11,Travel Agency,DOT-R11-TRA-00424-2022,K&L Travel and Ticketing Services,-,Davao City,"Farmar Bldg., Unit 301 3rd Floor, Lapu-Lapu Street, Agdao, Davao City",(082) 317 0115,knl_travel@yahoo.com,6/30/2026
Region 11,Travel Agency,DOT-R11-TTA-00701-2023,Foi Travel and Tours Services,Davao del Norte,Tagum City,"Mirafuentes St., Brgy. Magugpo North, Tagum City, Davao del Norte",0975 7798681,travelswithfoi@gmail.com,6/30/2026
Region 11,Travel Agency,DOT-R11-TRA-00576-2023,AME Travel and Tours Corporation,-,Davao City,"Door 10 Paseo de Roxas Commercial Arcade, Roxas Ave., Brgy 34-D, Davao City",082 2213285,ametravelandtourscorp@gmail.com,6/30/2026
Region 11,Travel Agency,DOT-R11-TRA-01381-2024,Kerc Travel and Tours,-,Davao City,"Door No. 1 Egger Bldg., Brgy. Matina Crossing Davao City",0933 3843868,kerctrips@yahoo.com.ph,6/30/2026
Region 11,Travel Agency,DOT-R11-TRA-00663-2023,Ticket1 Travel,-,Davao City,"Robinsons Townville Abreeza, JP Laurel Ave., Davao City",0917 1405790,abreezaticket1@yahoo.com,6/30/2026
Region 11,Travel Agency,DOT-R11-TRA-01407-2025,Ticket1 Travel,-,Davao City,"Shop/S-6 Sm Supermarket Premier J.P Laurel Ave. Lanang, Davao City",0917 1207109,ticket1smlanang@yahoo.com,6/30/2026
Region 11,Travel Agency,DOT-R11-TRA-00087-2021,Travelbest Guide Ticketing Office,-,Davao City,"Door 5 B And L Building Corner Mabini and Torres Streets, Brgy 9-A, Davao City",(082) 227-8690,travelbestdvo@gmail.com,6/30/2026
Region 11,Travel Agency,DOT-R11-TRA-01417-2025,Ticket1 Travel,-,Davao City,"Nccc Mall VP J.P Laurel Avenue, Bo. Obrero, Davao City",0917 1099209,ticket1ncccvp@gmail.com,6/30/2026
Region 11,Travel Agency,DOT-R11-TRA-01439-2025,A-Star Travel and Tours,-,Davao City,"Door 23, EC Business Center, C.M Recto Street, Davao City",0931 8310000,astartravelandtour@gmail.com,6/30/2026
Region 11,Travel Agency,DOT-R11-TRA-00273-2021,Transcontinent Chartered Travel and Tours,-,Davao City,"22 Vanda Street, Metroville Subdivision, Brgy. Maa, Davao City",0919 3741863,transcon.traveltour@gmail.com,6/30/2026
Region 11,Travel Agency,DOT-R11-TRA-01527-2025,Eastone Travel and Tours,-,Davao City,"FS Dizon Road, Bacaca Phase 3 Elrio Vista Village, Davao City",0998 9703372,mansourdumama@gmail.com,6/30/2026
Region 11,Travel Agency,DOT-R11-TRA-01541-2025,Maca Express Travel Services,-,Davao City,"REAC Bldg., Km. 7, Mc Arthur Highway, Brgy. Matina Crossing, Davao City",0917 3114007,macaexpresstravelservices@gmail.com,6/30/2026
Region 11,Travel Agency,DOT-R11-TRA-01553-2025,FastPass Travel and Tours,-,Davao City,"Door A TMNT Bldg. Tionko Arcade J.P. Laurel Bajada, Brgy. 19-B, Davao City",(082) 315-4289,celileonora444@gmail.com,6/30/2026
Region 11,Travel Agency,DOT-R11-TRA-01073-2024,Panic Trip Travel Services,-,Davao City,"B21 L2 Aspen Heights, Brgy Communal, Davao City",0938 4319311,panictriptickets@gmail.com,6/30/2026
Region 11,Travel Agency,DOT-R11-TRA-01566-2025,RNC Travel and Tours Services,Davao del Norte,Panabo City,"Purok 12, Brgy. San Vicente, Panabo City, Davao del Norte",08482337/ 0960 9304482,rnc.inquiries2019@gmail.com,6/30/2026
Region 11,Travel Agency,DOT-R11-TRA-01567-2025,Asters Travel and Tours Services,-,Davao City,"Door 5, Dr. A Gahol Ave., Brgy. 19-B, Davao City",0943 5902156,asterstraveltours2016@gmail.com,6/30/2026
Region 11,Travel Agency,DOT-R11-TRA-01215-2024,John Gold Travel and Tour Services Corp. (biyahelocity.com),-,Davao City,"G/F Passenger Terminal Bldg., Davao International Airport, Brgy. Sasa, Davao City",0917 7054586,johngoldtravel08@gmail.com,6/30/2026
Region 11,Travel Agency,DOT-R11-TRA-01421-2025,Biyahe.Com.Ph Travel Portal Corporation,-,Davao City,"3/F DSTI Bldg Km 5 Watusi St., Brgy. Buhangin (Pob.), Davao City","0917 7050364, 082 300-8088",biyahe.com24@gmail.com,6/30/2026
Region 11,Travel Agency,DOT-R11-TRA-01358-2024,John Gold Travel and Tour Services Corp.,-,Davao City,"053 SM Lanang Premier, JP Laurel Ave., Lanang, Brgy. San Jose, Davao City",0917 7054586,johngoldtravel08@gmail.com,6/30/2026
Region 11,Travel Agency,DOT-R11-TRA-01587-2025,Misuari Travel and Tours,-,Davao City,"B3 L10 Ecoland Drive, Bucana, Brgy. Talomo (Pob.), Davao City",0995 9656908,misuaritravelandtours28@gmail.com,6/30/2026
Region 11,Travel Agency,DOT-R11-TRA-01595-2025,Charming Wanders Travel and Tours,-,Davao City,"Door 1, 2nd Fl, VCS Building, Bolton Extn., Brgy. 1-A, Davao City",0945 1874488,charmingwanderstravelandtours@gmail.com,6/30/2026
Region 11,Travel and Tour Agency,DOT-R11-TTA-01061-2024,"Pan Asiaworld Holidays, Inc.",-,Davao City,"G/F Larous Inn Bldg., #467 Gen. Luna St., Davao City",(082) 221-2712,panasiaworld0808@gmail.com,"June 30, 2026"
Region 11,Travel and Tour Agency,DOT-R11-TTA-00291-2021,Karst Geo Travel and Tours,-,Davao City,"Door 8 Paseo de Legaspi, 115 Pelayo St., Brgy 3-A, Davao City",0917 1588309,karstgeotravel@gmail.com,"June 30, 2026"
Region 11,Travel and Tour Agency,DOT-R11-TTA-01125-2024,BilisBayad Travel & Tours,Davao del Norte,Santo Tomas,"Purok 3, FDR#2, Brgy Tibal-og, Sto Tomas, Davao del Norte",0917 6280851,bbtravel@superbilisbayad.com,"June 30, 2026"
Region 11,Travel and Tour Agency,DOT-R11-TTA-00389-2022,MZO Travel and Tours,-,Davao City,"Door 4 Infinity Bldg., Lapu-Lapu corner Porras St., Brgy 15-B, Davao City",0917 7003002,mzotravelandtours@yahoo.com,"June 30, 2026"
Region 11,Travel and Tour Agency,DOT-R11-TTA-00465-2022,Sky Trail Travel and Tours,-,Davao City,"2/F Door 3 LAM Bldg., F. Torres St., Davao City",0917 5254613,queenamora20@gmail.com,"June 30, 2026"
Region 11,Travel and Tour Agency,DOT-R11-TTA-00390-2021,Plane-to-Go Travel Services,-,Davao City,"2/F Door 8 Doña Segunda Complex, Ponciao Reyes St., Davao City",(082) 224 6320 / 09177056418,planetogotravelservices@yahoo.com,"June 30, 2026"
Region 11,Travel and Tour Agency,DOT-R11-TTA-00293-2021,"JPVA Hello World Tour, Inc.",-,Davao City,"Dr. 3, G/F, Malayan House Bldg., Km. 6 JP Laurel Ave., Brgy Angliongto Sr., Davao City,",0933 8112796,jpvahelloworld@yahoo.com,"June 30, 2026"
Region 11,Travel and Tour Agency,DOT-R11-TTA-01143-2024,Airtrips Travel and Tours,-,Davao City,"Dr 105 Togonon Bldg., E. Quirino Ave., Davao City",082 3082761,airtripstravel@gmail.com,"June 30, 2026"
Region 11,Travel and Tour Agency,DOT-R11-TTA-01148-2024,"Lailai Travel And Tours Of Davao, Inc.",-,Davao City,"RC Building, Sandawa Road, Sir New Matina, Davao City",0915 92945004,lailai_dvo@yahoo.com.ph,"June 30, 2026"
Region 11,Travel and Tour Agency,DOT-R11-TTA-00626-2023,Trip Expert Travel and Tours,Davao del Norte,IGACOS,"Purok 5 Brgy Adecor, Island Garden City of Samal, Davao del Norte",0916 3978788,tripexpertphilippines@gmail.com,"June 30, 2026"
Region 11,Travel and Tour Agency,DOT-R11-TTA-00316-2022,Aw Rah Tours and Travel Inc,-,Davao City,"254-1 R. Magsaysay Ave., Davao City",0916 4972937,aw_rahtours@yahoo.com,"June 30, 2026"
Region 11,Travel and Tour Agency,DOT-R11-TTA-00620-2023,MBCC Travel and Tours Services,-,Davao City,"Door 2 DVDC Bldg., Brgy Catalunan Grande, Davao City",09171456188 / 082 308 0551,mbcctravelandtoursservices@gmail.com,"June 30, 2026"
Region 11,Travel and Tour Agency,DOT-R11-TTA-00577-2023,Viewtiful Travel and Tours,-,Davao City,"COPE Bldg., C.M. Recto Street, Davao City",0945 8115782,cniamarie93@gmail.com,"June 30, 2026"
Region 11,Travel and Tour Agency,DOT-R11-TTA-01174-2024,Destinejoy Travel and Tours,-,Davao City,"2/F NCCC Mall VP. JP Laurel Ave., Bajada, Davao City",0906 0284080,destinejoytraveldavao@gmail.com,"June 30, 2026"
Region 11,Travel and Tour Agency,DOT-R11-TTA-00410-2022,Chrisma Travel and Tours,-,Davao City,"KM 8 Purok 8 Ferc Fuels Bldg., Brgy Catalunan Pequeño, Davao City",0917 1376041,chrismatravel01@gmail.com,"June 30, 2026"
Region 11,Travel and Tour Agency,DOT-R11-TTA-00232-2021,Yana Byahe Na Travel and Tours,-,Davao City,"Space 41-5 Generoso Corner Cervantes St., Brgy 18-B, Davao City",0917 3111569,yanabiyahena@gmail.com,"June 30, 2026"
Region 11,Travel and Tour Agency,DOT-R11-TTA-01178-2024,LHB Travel and Tours,-,Davao City,"Doot 4 La Anclar Bldg., Malvar St., Brgy 7-A, Davao City",0916 4770035,lhbtravelandtours@yahoo.com,"June 30, 2026"
Region 11,Travel and Tour Agency,DOT-R11-TTA-01032-2024,A Joyfull Travel Opc,-,Davao City,"Door 1 SRSO Basic Commodities Bldg., 99 T. Monteverde Ave., Brgy 27-C, Davao City",0998 9956535,ajoyfulltravelopc@gmail.com,"June 30, 2026"
Region 11,Travel and Tour Agency,DOT-R11-TTA-01181-2024,"Romano Travel and Tours, Inc.",-,Davao City,"G/F Gaisano Grand Citimall, Ilustre St., Davao City",0917 5496158,romanotravelandtoursinc@gmail.com,"June 30, 2026"
Region 11,Travel and Tour Agency,DOT-R11-TTA-01182-2024,RH Destinations Travel and Tours,-,Davao City,"Door 2, 2nd Fl, JPCG Bldg Tiresmart, Quimpo Blvd, Ecoland, Brgy Bucana, Davao City",0917 5031058,rhdestinationstravelandtours@gmail.com,"June 30, 2026"
Region 11,Travel and Tour Agency,DOT-R11-TTA-00235-2021,Real Breeze Travel and Tours,-,Davao City,"Door 1 Traveler's Inn, Km. 5 Brgy. Matina Crossing, Talomo District, Davao City",0917 1438050,travel.realbreeze@gmail.com,"June 30, 2026"
Region 11,Travel and Tour Agency,DOT-R11-TTA-00646-2023,Etours Davao Inc.,-,Davao City,"#174-5th B Street Phase 1, Ecoland, Brgy Bucana, Davao City",0917 1173706,etours.ph@gmail.com,"June 30, 2026"
Region 11,Travel and Tour Agency,DOT-R11-TTA-00116-2021,Angel Garnet Travel and Tours,-,Davao City,"Door 1, 2nd Floor Mckenzie Bldg. Quimpo Blvd. Ecoland, Davao City",(082) 308 5248,travel.angelgarnet@gmail.com,"June 30, 2026"
Region 11,Travel and Tour Agency,DOT-R11-TTA-00097-2021,Carpenter Travel Unlimited,-,Davao City,"G/F, Bella Vie Bldg., Circumferential Road, Marfori, Davao City",0917 6288099,carpentertravel@gmail.com,"June 30, 2026"
Region 11,Travel and Tour Agency,DOT-R11-TTA-00682-2023,168 Pacific Tours Incorporated,-,Davao City,"Door 1, JV's Peak Building Roxas Ave., Brgy 32-D, Davao City",0917 1267365,168pacifictoursinc@gmail.com,"June 30, 2026"
Region 11,Travel and Tour Agency,DOT-R11-TTA-01046-2024,Quality Travel Hub and Tours,-,Davao City,"Km 6 Diversion Road, Buhangin, Davao City",0919 3120843,ofie31169@yahoo.com,"June 30, 2026"
Region 11,Travel and Tour Agency,DOT-R11-TTA-01044-2024,Davao Travel and Tours,-,Davao City,"Unit 18 & 19 G/F, MSC BLDG., Purok 2, C.M Recto Ave., Davao City",0926 2144315,davaotravelandtours001@gmail.com,"June 30, 2026"
Region 11,Travel and Tour Agency,DOT-R11-TTA-00651-2023,LNJT Travel & Tours,-,Davao City,"No. 20 Almaciga St, Dacudao Ave., Brgy Gov. Paciano Bangoy, Davao City",0922 8641021,josepholivares@gmail.com,"June 30, 2026"
Region 11,Travel and Tour Agency,DOT-R11-TTA-00233-2021,Century Express Philippines Inc,-,Davao City,"Unit 2B 2F Conpinco Bldg, JP Laurel Avenue,",(082) 2212672,centuryexpresstraveldvo@yahoo.com,"June 30, 2026"
Region 11,Travel and Tour Agency,DOT-R11-TRA-00035-2020,Cybercrib Trips and Tours Travel Services,-,Davao City,Blk 47 Lot 2 Phase 2 Nebraska St. Deca Homes Residence Resort Tugbok Davao City,0999 8886978,cybercribtours@gmail.com,"June 30, 2026"
Region 11,Travel and Tour Agency,DOT-R11-TTA-00148-2021,CFBA Travel Station,-,Davao City,"Door 17 Mars Bldg. Saavedra St. Toril, Davao City",(082) 287 2128,cfbatravel@gmail.com,"June 30, 2026"
Region 11,Travel and Tour Agency,DOT-R11-TTA-01225-2024,Global Key Reps Destination Marketing,-,Davao City,3F Rm 318 Pink Walters Bldg. Quimpo Blvd. cor. Sandawa Ecoland Davao City,0998 9533076,team@globalkeyreps.com,"June 30, 2026"
Region 11,Travel and Tour Agency,DOT-R11-TTA-00734-2023,Footsteps Travel and Tours,-,Davao City,"Door 16, Coronet Bldg. 2, Quimpo Blvd Davao City",0985 3581524,footstepstraveltour@gmail.com,"June 30, 2026"
Region 11,Travel and Tour Agency,DOT-R11-TTA-00073-2021,Bloomers Asia Jewellers Travel and Tours,-,Davao City,"Unit A, Magradeco Building cor. Magallanes-Legaspi Sts., Brgy 2-A (Pob.), Davao City",0933 8501721,bloomers_travel_tours@yahoo.com,"June 30, 2026"
Region 11,Travel and Tour Agency,DOT-R11-TTA-00049-2021,Par Travel and Tours,-,Davao City,"2F Annipie Cafe Bakery Bldg., Gen. Malvar St., Brgy 14-B (Pob.), Davao City",0920 9607332,partravel.pia@gmail.com,"June 30, 2026"
Region 11,Travel and Tour Agency,DOT-R11-TTA-01247-2024,WWW INFINITY TRAVEL CO. LTD,-,Davao City,"G/F LAM Bldg., F. Torrres St., Davao City",0998 9900172,infinitytraveldvo@gmail.com,6/30/2026
Region 11,Travel and Tour Agency,DOT-R11-TTA-00345-2022,Travel Advantage Tours Davao,-,Davao City,"Unit 3 Ground Floor HLC Building Ruby Street Marfori Heights, Brgy 8-A, Davao City",0927 5053823,travel_advantage@yahoo.com,6/30/2026
Region 11,Travel and Tour Agency,DOT-R11-TTA-01265-2024,ACS Travel and Tours,-,Davao City,"BHN-GPS 88 G/F GAISANO GRAND CITIGATE MALL BUHANGIN COR TIGATO RD., BRGY BUHANGIN, Davao City",0922 8912011,acstravel@yahoo.com.ph,6/30/2026
Region 11,Travel and Tour Agency,DOT-R11-TTA-01295-2024,Sarah Lea Travel and Tours Inc.,-,Davao City,"Level 3 - 327 Robinsons Place Tagum., National Highway, Brgy Visayan Village, Tagum City, Davao del Norte",0995 2264210,sltt.tagumbranch@gmail.com,6/30/2026
Region 11,Travel and Tour Agency,DOT-R11-TTA-00458-2022,Tourlounge Travel Management,-,Davao City,"G/F The Royal Mandaya Hotel, J. Palma Gil St., Brgy 34-D, Davao City",0920 9001715,tourlounge.davao@yahoo.com,6/30/2026
Region 11,Travel and Tour Agency,DOT-R11-TTA-00436-2022,Prox Travel,-,Davao City,"Door 1 Casa Panolee Bldg., Loyola St., Obrero, Davao City",0917 1096262,bongdumadag@gmail.com,6/30/2026
Region 11,Travel and Tour Agency,DOT-R11-TTA-01377-2024,Wandertime Travel And Tours Corporation,-,Davao City,"Door #2 Celpaul Bldg., Davao City",(082) 315 4347,wandertimetravelandtours@gmail.com,6/30/2026
Region 11,Travel and Tour Agency,DOT-R11-TTA-01440-2025,Alimpanaw Travel And Tours,Davao Oriental,Cateel,"Purok Santol, Tongkip, Brgy. Santa Filomena, Cateel, Davao Oriental",0991 3155135,alimpanaw@gmail.com,6/30/2026
Region 11,Travel and Tour Agency,DOT-R11-TTA-00413-2022,Borderline Travel and Tours Corporation,-,Davao City,"427 Sampaguita, Km 5, Buhangin, Davao City",(082) 317 7182,borderlinetravelandtours@gmail.com,6/30/2026
Region 11,Travel and Tour Agency,DOT-R11-TTA-00352-2022,Southern Travel Corporation,-,Davao City,"Kabaitan cor. Kapalaran St. Ledesma Subdivision, Marfori, Brgy. 10-A, Davao City",0916 2610035,southerntrvl@yahoo.com,6/30/2026
Region 11,Travel and Tour Agency,DOT-R11-TTA-00279-2021,Frontier Travel & Tours,-,Davao City,"833 Sobrecarey Street, Brgy. 14-B (Pob.), Davao City",(082) 224 1837,frontiertravelntours@yahoo.com.ph,6/30/2026
Region 11,Travel and Tour Agency,DOT-R11-TTA-00715-2023,Elevation Travel and Tours Inc.,-,Davao City,"3/F LEX 2 Bldg., Monteverde corner Gempesaw St., Brgy. 27-C (Pob.), Davao City",0917 6729768,elevationtravelconsultancy@yahoo.com.ph,6/30/2026
Region 11,Travel and Tour Agency,DOT-R11-TTA-01506-2025,Limit-less Get-away Travel and Tours,Davao Oriental,Mati City,"Ciangi, Baywalk, Brgy. Central (Pob.), Mati City, Davao Oriental",0962 1427147,limitlessgetawaymati@gmail.com,6/30/2026
Region 11,Travel and Tour Agency,DOT-R11-TTA-00412-2022,Clarv Travel and Business Center,-,Davao City,"Door 11 Sienes Complex, Mandug Road, Brgy. Mandug, Davao City",0933 0885825,clarvtravel@gmail.com,6/30/2026
Region 11,Travel and Tour Agency,DOT-R11-TTA-01523-2025,On-The-Go-Travellers Travel Agency,-,Davao City,"Stall No. 5, Building 3, Doña Segunda Complex, C. Bangoy St., Davao City",(082) 224 7866 / 0923 4085526,va.michaelalinsonorin@gmail.com,6/30/2026
Region 11,Travel and Tour Agency,DOT-R11-TTA-01524-2025,Juan Can Fly Travel and Tours,-,Davao City,"7th Avenue cor. Gen Douglas McArthur Highway, Bangkal, Brgy. Talomo (Pob.), Davao City","0917 3078817, 0917 8873467, 0967 2050165, (082) 276 0250",raymond.repito@gmail.com,6/30/2026
Region 11,Travel and Tour Agency,DOT-R11-TTA-01542-2025,JJVen Tour Services,-,Davao City,"39 Sapphire St., Diamond Village, Brgy. Alfonso Angliongto Sr., Davao City",0915 1153195,jjventours@gmail.com,6/30/2026
Region 11,Travel and Tour Agency,DOT-R11-TTA-01493-2025,Canaan Travel and Tours,-,Davao City,"101 My Studio Bldg., Circumferential Road, Doña Vicenta Subd., Brgy 10-A, Davao City",0942 3659380,vengie.uy@gmail.com,6/30/2026
Region 11,Travel and Tour Agency,DOT-R11-TTA-01429-2025,FMSI Travel Agency,-,Davao City,"3rd Floor, FTC Tower 1034, Mt Apo St., Davao City",0920 5535280,fmsitravel@gmail.com,6/30/2026
Region 11,Travel and Tour Agency,DOT-R11-TTA-01130-2024,Ces Travel and Tours,-,Davao City,"Unit 30 D3G Y10 Building, Brgy. Alfonso Angliongto Sr., Mamay Road, Davao City",0915 7907167,cestravelreservations@gmail.com,6/30/2026
Region 11,Travel and Tour Agency,DOT-R11-TTA-01576-2025,Just To Explore Travel and Tours,-,Davao City,"YMCA Bldg 2nd Level 996-3 Villamor St E Jacinto Extension, Brgy. 11-B, Davao City",(082) 327 746,j2etravelandtours@yahoo.com,6/30/2026
Region 11,Travel and Tour Agency,DOT-R11-TTA-01577-2025,Limitless Get-Away Travel and Tours,-,Davao City,"G/F Door 3, Adalya Bldg, Araullo Street, Brgy. 10-A, Davao City",0927 0314812,ronnelbonsay@gmail.com,6/30/2026
Region 11,Travel and Tour Agency,DOT-R11-TTA-01128-2024,Angel's Easy Travel and Tours,Davao de Oro,Pantukan,"Port Road Townsite, Brgy. Kingking, Pantukan, Davao de Oro",0917 1377006,angelseasytravelandtours@gmail.com,6/30/2026
Region 11,Travel and Tour Agency,DOT-R11-TTA-01036-2024,Trava Travel & Tours,-,Davao City,"JYF Bldg., Loyola St., Bo. Obrero, Brgy. 18-B, Davao City",0960 4842550,travatravelandtours@gmail.com,6/30/2026
Region 11,Travel and Tour Agency,DOT-R11-TTA-01348-2024,Anne's Travel and Tours,Davao del Norte,IGACOS,"Purok 2 San Agustin, Babak Dist, Island Garden City of Samal, Davao Del Norte",0956 7503703,eyay0709@gmail.com,6/30/2026
Region 11,Travel and Tour Agency,DOT-R11-TTA-01138-2024,Airskip Travel and Tours,-,Davao City,"Phase 4, 2nd Fl Commercial, Purok 5 De Guzman St., cor. Juan Dela Cruz St., Toril, Davao City",0998 9799867,ging_abarico@yahoo.com.ph,6/30/2026
Region 11,Travel and Tour Agency,DOT-R11-TTA-01361-2024,Excel Global Travel & Tour Holidays,-,Davao City,"K 1038 NCCC Mall Center Point Plaza, Brgy. Matina Crossing, Talomo District, Davao City",0920 2684907,egttmanagement@gmail.com,6/30/2026
Region 11,Tour Operator,DOT-R11-TOP-00388-2022,Card MRI Hijos Tours Inc.,-,Davao City,"Anda, JP Rizal St., corner Anda St., Brgy. 3-A, Davao City",0998 7235719,"card.hijostours@gmail.com, hijostours@cardmri.com",6/30/2026
Region 11,Tour Operator,DOT-R11-TOP-00120-2021,Projectphl81 Tour Services,-,Davao City,"Blk 16 L1 Peoples Village, Brgy. Maa, Davao City",0910 8077891,projectph81@yahoo.com,06/30/2026
Region 11,Tour Operator,DOT-R11-TOP-01060-2024,Jiver Trans Tour,Davao del Norte,IGACOS,"Purok 3, Brgy. Kinawitnon, Island Garden City of Samal, Davao del Norte",0917 6377701,jivertrans.qr@gmail.com,06/30/2026
Region 11,MICE Venue / Facility,DOT-R11-MCF-00161-2021,SMX Convention Center Davao,-,Davao City,"SM Lanang Premier, JP Laurel Avenue, Brgy. San Antonio, Agdao, Davao City",(63 82) 285 1045 / (63 82) 297 8138,daphne.alojado@smxcc.com.ph,"June 30, 2026"
Region 11,MICE Venue / Facility,DOT-R11-MCF-01544-2025,Casa Vieja by Lispher Inn,-,Davao City,"111 Francisco Street, Juna Subd., Brgy. Matina Crossing, Davao City",(082) 299 1610,casaviejadavao@gmail.com,"June 30, 2026"
Region 11,MICE Organizer,DOT-R11-MCO-00439-2022,Zegen Management Group Co.,-,Davao City,"Unit 8 Asaje IV Bldg., Mabini St., Davao City",(082) 227 5827 / 09177049985,zegenmanagementgroup@gmail.com,"June 30, 2026"
Region 11,MICE Organizer,DOT-R11-MCO-01173-2024,"Konkordans, Inc.",-,Davao City,"Samco Bldg., F. Bangoy St., Brgy Agdao, Davao City",0917 7054759,konkordans@gmail.com,"June 30, 2026"
Region 11,MICE Organizer,DOT-R11-MCO-01303-2024,Garbo Davao Events Management Services,-,Davao City,"#2 Yellow St., Spring Village, Brgy. Ma-a, Davao City",0917 7019369,garboeventsmanagement@gmail.com,"June 30, 2026"
Region 11,Land Transport Operator,DOT-R11-TTO-00382-2022,Ecotrans Car Rentals,-,Davao City,"EcoTrans, Bacaca Road, corner 16 Amazon Street, Riverview Village, Davao City, 8000 Davao del Sur",9175482649,,"April 30, 2026"
Region 11,Land Transport Operator,DOT-R11-TTO-00036-2020,G & S transport corp.,-,Davao City,sta ana avenue the pinnacle hotel davao city,082-296-3569,,"April 30, 2026"
Region 11,Land Transport Operator,DOT-R11-TTO-00308-2022,MSIC Transportation Inc.,-,Davao City,AIRPORT VIEW COMPLEX C.P GARCIA HIGHWAY BUHANGIN,9175365175,http://www.europcar.com,"April 30, 2026"
Region 11,Land Transport Operator,DOT-R11-TTO-00446-2022,CWN Holiday Tours Services Corporation,-,Davao City,"SAMCO Bldg., F. Bangoy St., Davao City",0998 8477235,holidaytoursdavao@gmail.com,"April 30, 2026"
Region 11,Land Transport Operator,DOT-R11-TTO-00454-2022,Aldimel Car Express Rent a Car,-,Davao City,"19 Jaroda Road, Tulip Drive, Brgy Matina Crossing, Davao City",0917 3001436,aldimelcar@gmail.com,"April 30, 2026"
Region 11,Land Transport Operator,DOT-R11-TTO-00362-2022,Davao International Transport Cooperative (DITC),-,Davao City,"Dr. 10 adframe bldg. New Airport Comp., Sasa, Davao City",0991 3762759,dtranscoop@gmail.com,"April 30, 2026"
Region 11,Land Transport Operator,DOT-R11-TTO-00178-2021,AAC Tourist Van Transport Cooperative (ATV Transco),Davao Oriental,Mati City,"Purok Centro, Barangay Matiao, Mati City, Davao Oriental",0962 6563655,atvtransco2019@gmail.com,"April 30, 2026"
Region 11,Water Transport Operator,DOT-R11-TWT-00530-2022,Jiver Trans Tour,Davao del Norte,IGACOS,"Purok 3 Brgy. Kinawitnon, Island Garden City of Samal, Davao del Norte",0917 6377701,belle.verga@gmail.com,04/30/2026
Region 11,Water Transport Operator,DOT-R11-TWT-00691-2023,Laagan Tourist Boat Rental,Davao Oriental,Mati City,"Sitio Taganilao, Brgy. Tamisan, Mati City, Davao Oriental",0917 5645829,boatrentallaagantourist@gmail.com,04/30/2026
Region 11,Water Transport Operator,DOT-R11-TWT-01165-2024,Marybel Water Transport Services,Davao del Norte,Island Garden City Of Samal,"Zone 4, Brgy Villarica, Island Garden City of Samal, Davao del Norte",084) 823-1017 / 0985-173-0828,marybelwatertransportsvcs@gmail.com,04/30/2026
Region 11,Water Transport Operator,DOT-R11-TWT-01206-2024,PDS Sea Transport,Davao del Norte,Island Garden City Of Samal,"Purok 4, Brgy. Catagman, Samal District, Island Garden City of Samal, Davao del Norte",0977 8256393,pds.seatransport@gmail.com,04/30/2026
Region 11,Water Transport Operator,DOT-R11-TWT-00521-2022,MBCA Leticia by the Sea,Davao del Norte,Island Garden City Of Samal,"Brgy Santa Cruz, Talicud, Island Garden City of Samal, Davao del Norte",0917 7007236,lbts.mbca.talicud@gmail.com,04/30/2026
Region 11,Water Transport Operator,DOT-R11-TWT-01282-2024,YMC Ocean Breeze Island,-,Davao City,"0311-0314 Platinum Right, San Rafael Village, Brgy 10-A, Davao City",0908 8103623,oceanbreeze1012@gmail.com,04/30/2026
Region 11,Water Transport Operator,DOT-R11-TWT-01427-2025,MBCA Lutau Lutau,Davao del Norte,Island Garden City Of Samal,"Purok 5 Pangubatan, Brgy. Pangubatan (Talicod II), Island Garden City of Samal, Davao del Norte",0969 5166318,magalonaflordeliza@gmail.com,04/30/2026
Region 11,Water Transport Operator,DOT-R11-TWT-01456-2025,Anu Ni Mus Inc.,Davao del Norte,Island Garden City Of Samal,"Purok 1, Brgy. Pangubatan (Talicod II), Island Garden City of Samal, Davao del Norte",0969 5166318,anunimus2025@gmail.com,04/30/2026
Region 11,Agri-tourism Farm Site / Farm Tourism Camp,DOT-R11-AGT-00733-2023,Grape Valley1 Agritourism Park,Davao de Oro,Nabunturan,P-4 Sta.Maria,9173040026,,"September 8, 2025"
Region 11,Agri-tourism Farm Site / Farm Tourism Camp,DOT-R11-AGT-00025-2020,"ISLA AGRI - VENTURES, INC.",Davao del Norte,Island Garden City Of Samal,PUROK 7B,9177146613,,"September 8, 2025"
Region 11,Agri-tourism Farm Site / Farm Tourism Camp,DOT-R11-AGT-00738-2023,"Mindanao Baptist Rural Life Center Foundation, INC.",Davao del Sur,Bansalan,"Purok Cherry, Brgy Kinuskusan, Bansalan, Davao del Sur",0967 4090322,mbrlcfi71@gmail.com,"December 13, 2025"
Region 11,Agri-tourism Farm Site / Farm Tourism Camp,DOT-R11-AGT-00288-2021,Damosa Land Inc. / Agriya Naturetainment,Davao del Norte,Panabo City,"Prk. Nido, Brgy. New Pandan, Panabo City, Davao del Norte",(082) 235-2159,kgmaambong@anflocor.com,"February 5, 2026"
Region 11,Agri-tourism Farm Site / Farm Tourism Camp,DOT-R11-FTC-01059-2024,Taglucop Farms Corp,-,Davao City,"Purok 2 Brgy Tacunan, Davao City",0998-990-0172,,"May 2, 2026"
Region 11,Agri-tourism Farm Site / Farm Tourism Camp,DOT-R11-FTC-01243-2024,Belviz Farm,-,Davao City,"Brgy. Wangan, Calinan, Davao City",0917 7172417,belvizfarms@gmail.com,"September 12, 2026"
Region 11,Agri-tourism Farm Site / Farm Tourism Camp,DOT-R11-AGT-00361-2022,Bemwa Farm Fresh Inc.,-,Davao City,"Purok 2,Datu Salumay, Marilog District, Davao City",0932 8802944,bemwafarmfreshinc@gmail.com,"September 12, 2026"
Region 11,Agri-tourism Farm Site / Farm Tourism Camp,DOT-R11-FTC-01528-2025,Bukid Amara Tourism Agriventures Corporation,-,Davao City,"Blk 50, Lot 2, Deca Homes Talomo, Davao City",0998 9703372,bukidamaradavao@gmail.com,"June 2, 2027"
Region 11,Agri-tourism Farm Site / Farm Tourism Camp,DOT-R11-FTC-01574-2025,Lao Integrated Farms,Davao del Sur,Bansalan,"Brgy. Eman, Bansalan, Davao del Sur",0919 8286435,laointegratedfarms05@gmail.com,07/18/2027
Region 11,Tourism Recreation Center,DOT-R11-SRC-00239-2021,Rancho Palos Verdes Golf & Sports Club Inc.,-,Davao City,Brgy. Mandug & Indangan Buhangin District Davao City,0917 7054952,dargyl@yahoo.com,11/19/2025
Region 11,Tourism Recreation Center,DOT-R11-SRC-00231-2021,Rancho Palos Verdes Golf & Sports Club Inc.,-,Davao City,"Riverfront Corporate City Prk 26 Riverside Brgy. Ma-a Talomo Dist., Davao City",0918 9261108,rpvgcc@yahoo.com,01/22/2025
Region 11,Tourism Recreation Center,DOT-R11-SRC-01554-2025,Sunridge Resort,-,Davao City,"Purok 1, Brgy. Baracatan Toril, Davao City",0953 8909781,sunridgeresortinc@gmail.com,06/28/2026
Region 11,Tourism Recreation Center,DOT-R11-SRC-01596-2025,"Mindanao Saga Flying Club, Inc.",-,Davao City,"Mati Aero Tourism Park, Mati City Airport, Brgy. Dahican, Mati City, Davao Oriental",0917 3070670,inakisievert@yahoo.com,3/9/2026
Region 11,Tourism Training Center,DOT-R11-TRC-01499-2025,Technical Education School and Assessment Center of Tagum Inc.,Davao del Norte,Tagum City,"Purok Dahlia, Brgy. Visayan Village, Tagum City, Davao del Norte",0906 2321981,tesactinc2020@gmail.com,4/23/2026
Region 11,Tourism Training Center,DOT-R11-TRC-01550-2025,"Mindtechs Institute of Technology, Inc.",Davao del Norte,Tagum City,"Rimando Building, Prk. Tindalo, Seminary Drive, Brgy. Magugpo Poblacion, Tagum City, Davao del Norte",0997 0640218,mindtechs.world@gmail.com,6/25/2026
Region 11,Tourism Training Center,DOT-R11-TRC-01205-2024,Craft Enhancement and Evaluation Center Corporation,-,Davao City,"2F, Left Wing, Granland Building, R. Castillo St., Davao City",0917 1032189,craft.learninghub@gmail.com,3/7/2026
Region 11,Tourism Training Center,DOT-R11-TRC-01560-2025,"Davao Oriental International Technology College, Inc.",Davao Oriental,Mati City,"Bistro Building, Madang, Central (Pob.), Mati City, Davao Oriental",0927 8211591,doitcollege@gmail.com,3/7/2026
Region 11,Tourist Shop (Department Store / Souvenir Shop / Specialty Shop),DOT-R11-TSP-00578-2023,Apo Ni Lola Durian Delicacies,-,Davao City,"#28 San Miguel Village, Brgy Matina Crossing, Davao City",(082) 298 5099 /,aponilola_durian@yahoo.com,"October 2, 2026"
,,,,,,,0917 7288768,,
Region 11,Tourist Shop (Department Store / Souvenir Shop / Specialty Shop),DOT-R11-TSP-01058-2024,Carabao Dive Center,-,Davao City,"Sta Ana Wharf, Davao City",(082) 222-0121 / 322-3509,carabaodivers@yahoo.com,5/13/2026
Region 11,Tourist Shop (Department Store / Souvenir Shop / Specialty Shop),DOT-R11-TSP-01519-2025,South Shore Divers,-,Davao City,"Door 3 AFE Building Ground Floor Ruby St., Marfori Heights, Brgy., 9-A Poblacion District, Davao City",0910 9839449 / 082 287 6631,southshoredivers@gmail.com,5/23/2026
Region 11,Tourist Shop (Department Store / Souvenir Shop / Specialty Shop),DOT-R11-TSP-01092-2024,Glide-Diver's-Hub Diving Shop,-,Davao City,"DR#4 Gims Building, Lacson St., Brgy. 18-B, Obrero, Davao City",0927 7209130,glidefreediving@gmail.com,8/7/2026
Region 11,Gallery / Museum,DOT-R11-MSM-01290-2024,Jing Cayacay Rabat Contemporary Art Gallery,Davao Oriental,Mati City,"Estampa, Purok Makuguihon, Brgy. Dahican, Mati City, Davao Oriental",0908 8636710,nprjcr@gmail.com,10/15/2025
Region 11,Gallery / Museum,DOT-R11-MSM-00462-2022,IMIN The Philippine-Japan Historical Museum,-,Davao City,"Purok 18, Durian Village, Calinan, Davao City",(082) 237-7930/(082) 294-9812,iminmuseumph@gmail.com,07/25/2026
Region 11,Restaurant,DOT-R11-RST-00597-2023,Garden Oases Restaurant,-,Davao City,"Davao Wescon Bldg., Porras St., Bo. Obrero Brgy. 15-B Poblacion District Davao City","(082) 228-6885, 09653870746",davoexcel101@gmail.com,09/28/2025
Region 11,Restaurant,DOT-R11-RST-01266-2024,Tsuru Incorporated,-,Davao City,"1092 G/F Abreeza Mall, JP Laurel Ave., BAJADA, Davao City",(082) 285 2989,tsuru.abreeza2011@gmail.com,09/28/2025
Region 11,Restaurant,DOT-R11-RST-01286-2024,Port Side Grill House,Davao de Oro,Pantukan,"Baybay Pangasinan, Brgy. Kingking (Pob.), Pantukan, Davao de Oro",0909 1298926,portsidepantukan@gmail.com,10/15/2025
Region 11,Restaurant,DOT-R11-RST-01289-2024,Big Daddy's Asian-American Restaurant,Davao de Oro,Pantukan,"Purok Mahigalaon, Townsite, Brgy. Kingking (Pob.), Pantukan, Davao de Oro",0967 2249132,prince.cavinballadares@gmail.com,10/15/2025
Region 11,Restaurant,DOT-R11-RST-01291-2024,Braytside Cakes Catering Services,Davao de Oro,Pantukan,"National Highway, Brgy. Kingking (Pob.), Pantukan, Davao de Oro",0995 5942742 / 0997 4704374,hanniejeanelisan@gmail.com,10/15/2025
Region 11,Restaurant,DOT-R11-RST-01296-2024,Hugo's Pizza,Davao de Oro,Nabunturan,"Purok 13, Brgy. Poblacion, Nabunturan, Davao de Oro",0910 4484447,markhugo30@gmail.com,10/16/2025
Region 11,Restaurant,DOT-R11-RST-00204-2021,Garden By The Bay Corporation,-,Davao City,"Maryknoll St., Lanang Brgy. Pampanga, Buhangin, Davao City","(082) 234-8491, 09653870746",gardenbay101@gmail.com,6/11/2025
Region 11,Restaurant,DOT-R11-RST-01329-2024,Kusina Kabacan,Davao del Sur,Digos City,"Brgy Sinawilan, Digos City, Davao del Sur",0939 9103702,kusinakabacandigos11@gmail.com,6/11/2025
Region 11,Restaurant,DOT-R11-RST-01337-2024,Kusina Kabacan,Davao del Sur,Sta Cruz,"Patulangon Zone 1, Santa Cruz, Davao Del Sur",0946 6302557,kusinakabacanpatulangon@gmail.com,7/11/2025
Region 11,Restaurant,DOT-R11-RST-00211-2021,Jack's Ridge Resort and Restaurant Corp.,-,Davao City,"BCG Drive Shrine Hills, Brgy. Matina Crossing, Davao City",(082) 297 8830,jacksridgedavao@yahoo.com.ph,11/25/2025
Region 11,Restaurant,DOT-R11-RST-00744-2023,The Swiss Deli Restaurant,-,Davao City,"RMD Bldg., Mamay Road, Brgy. Alfonso Angliongto Sr., Davao City",0917-701-3742 / 0925-818-9201,dbdb@swissdelidavao.com,3/12/2025
Region 11,Restaurant,DOT-R11-RST-00745-2023,Matina Swiss Deli and Restaurant,-,Davao City,"Corner Duhat And Camia Sts., Juna Subd., Matina, Davao City",0917-650-5208 / 0925-818-9201,msdi@swissdelidavao.com,3/12/2025
Region 11,Restaurant,DOT-R11-RST-01388-2024,Andrei`s Cafe,-,Davao City,"2nd floor Bagaipo Building, P-1 Poblacion, Nabunturan, Davao de Oro",0938 0255917,mariloucorpz84@gmail.com,10/12/2025
Region 11,Restaurant,DOT-R11-RST-00369-2022,Axl Dave Bibingka Food Corporation,Davao de Oro,Nabunturan,"Purok 7, New Sibonga, Nabunturan, Davao de Oro",0998 9860516,axldavemaravillas@yahoo.com,12/22/2025
Region 11,Restaurant,DOT-R11-RST-00374-2022,J-NEL Bibingka and Food Haus,Davao de Oro,Nabunturan,"Purok 7, New Sibonga, Nabunturan, Davao de Oro",0908 7725194,bernieviscayno1@gmail.com,1/13/2026
Region 11,Restaurant,DOT-R11-RST-01463-2025,Davao Wines,-,Davao de Oro,"P. De Tavera Avenue Corner V. Mapa St., Brgy. 9-A, Davao City",0917 5150206,davaowines@gmail.com,12/3/2026
Region 11,Restaurant,DOT-R11-RST-01471-2025,Binukid Cafe,-,Davao City,"Davao-Bukidnon Rd., Marilog District, Brgy. Datu Salumay, Davao City",0939 9240760,customerservice.h81@gmail.com,3/18/2026
Region 11,Restaurant,DOT-R11-RST-00104-2021,Tsuru,-,Davao City,"Juna Ave., Matina Crossing, Davao City",0915 6789723,tsuru.inc.juna@gmail.com,3/25/2026
Region 11,Restaurant,DOT-R11-RST-00748-2023,Tsuru Japanese Restaurant & Sushi Bar,-,Davao City,"Unit 201 2nd Level SM Lanang, JP Laurel Ave., Brgy San Antonio, Agdao District, Davao City",0927 1741923,tsuru.inc.smlanang@gmail.com,3/4/2026
Region 11,Restaurant,DOT-R11-RST-01502-2025,Tola sa Balay Oboza,-,Davao City,"143 Oboza Compound, Rizal Street, Corner Banggoy, Brgy3-A, Davao City",0961 1081724,toladavao@gmail.com,5/5/2026
Region 11,Restaurant,DOT-R11-RST-01027-2024,Lechon Haus,Davao del Sur,Digos City,"Gaisano Mall of Digos, Brgy. Tres De Mayo, Digo City, Davao del Sur",0933 8205728,lechonhaus.digos@gmail.com,5/13/2026
Region 11,Restaurant,DOT-R11-RST-01531-2025,Italiannis Restaurant,-,Davao City,"Level1, Space 1094, Abreeza Mall, J.P Laurel Ave. Davao City",321-9587/ 09664620718,italdavao@bistro.com.ph,4/6/2026
Region 11,Restaurant,DOT-R11-RST-01540-2025,Daiko Cafe,-,Davao City,"Vegas Gas Station, McArthur Highway, Brgy. Talomo, Davao City",0968 6347404,cafedaiko0312@gmail.com,06/15/2026
Region 11,Restaurant,DOT-R11-RST-01543-2025,"Tong Yang, SM City Davao Ecoland",-,Davao City,"Ground Floor, Annex SM City Davao Annex, Quimpo Blvd., Brgy. Bucana, Davao City",0917 7166888,tongyangplus1.davao@gmail.com,06/18/2026
Region 11,Restaurant,DOT-R11-RST-00092-2021,Tsuru Incorporated(Camus),-,Davao City,"J. Camus St., Davao City",(082) 223 46734,tsuru.inc.dvo@gmail.com,4/7/2026
Region 11,Restaurant,DOT-R11-RST-01561-2025,ClareBites Cafe,Davao Oriental,Cateel,"Tinimbo, Brgy. Poblacion, Cateel, Davao Oriental",0920 7118662,lharn_26@yahoo.com,8/7/2026
Region 11,Restaurant,DOT-R11-RST-01562-2025,Balik Bukid Farm and Kitchen,-,Davao City,"Sandawa Plaza, Quimpo Blvd.,Ecoland, Brgy. Bucana, Davao City",0915 0511123/ 296-4543,balikbukid@yahoo.com,8/7/2026
Region 11,Restaurant,DOT-R11-RST-00340-2022,Chow2 Restaurant & Catering Services,Davao de Oro,Maragusan,"Purok Lauaan B. Malnegro St. Poblacion Maragusan, Davao de Oro",0975 1373099,larryyanongroslinda3@gmail.com,8/7/2026
Region 11,Restaurant,DOT-R11-RST-00171-2021,Nonki Japanese Restaurant,-,Davao City,"Door A-1 Commercial bldg., Davao Autoville Ctr. Dev. Corp., F Torres St., Davao City","(082) 226-3058, 09171267731",nonkirestaurant@yahoo.com,10/7/2026
Region 11,Restaurant,DOT-R11-RST-01590-2025,Ibing's Cafe,Davao Occidental,Malita,"Centro, Brgy. Sangay, Malita, Davao Occidental",0917 1223913,estellamlgabaldon@gmail.com,08/14/2026
Region 11,Zoo,DOT-R11-TRE-00081-2021,Davao Crocodile Park Inc.,Davao del Sur,Davao City,"Riverfront Corporate City, Diversion Road, Maa, Davao City",(082)221-4671,afp.crocodilepark@gmail.com,6/8/2026
Region 11,Zoo,DOT-R11-TRE-01026-2024,"JK Mercado & Sons Agricultural Enterprises, Inc.",Davao del Norte,Kapalong,"Purok 7, Pag-asa Farms, Brgy Pag-asa, Kapalong, Davao del Norte",0927 4053089,admin@jkmsons.com.ph,1/3/2026
Region 11,Ambulatory Clinic,DOT-R11-AMC-01412-2025,Gleshelle Aesthetic and Wellness Center,Davao de Oro,Nabunturan,"P-9 Poblacion,Nabunturan, Davao de Oro",0925 4784857,info.gleshelles@gmail.com,01/13/2026