Region,Region,Enterprise Type,Accreditation No,Enterprise Name,Province,Municipality,Business Address,Contact Numbers,Business Website,Accreditation Validity
,,,,,,,,,,
,Region 4A,Travel and Tour Agency,DOT-R4A-TTA-01815-2024,3 ACES TRAVEL SERVICES,Laguna,Santa Cruz,"Cor. P. Guevara & L. Taleon St. Brgy IV, Santa Cruz, Laguna",09970684976/ 049 530 1292,,"June 30, 2026"
,Region 4A,Travel and Tour Agency,DOT-R4A-TTA-00679-2022,Beautiful Islands Travel and Tours,Laguna,Cabuyao,Blk 25 Lot 15 Ph5 Mabuhay City,0495505001 / 09338583053,,"June 30, 2026"
,Region 4A,Travel and Tour Agency,DOT-R4A-TTA-02256-2025,The Circuit Travel Group,Laguna,Santa Cruz,"Unit 201 St. Martin Square, 1110 P. Guevarra Ave., Sta. Cruz, Laguna",9175450118,https://circuittravel.wixsite.com/circuittravel,"June 30, 2026"
,Region 4A,Travel and Tour Agency,DOT-R4A-TTA-01989-2024,8FIFTH TRAVEL AVENUE CORP.,Cavite,Bacoor City,"Unit 216 Plazuela de Molino, 9006 Bacoor Blvd. Brgy. Bayanan",,,"June 30, 2026"
,Region 4A,Travel and Tour Agency,DOT-R4A-TTA-02257-2025,BagsAndGo Travel Services,Cavite,Bacoor City,B13 L1 Ph3 Princeton Heights,9399101690,http://www.bagsandgotravel.com.ph,"June 30, 2026"
,Region 4A,Travel and Tour Agency,DOT-R4A-TTA-02237-2025,LANDSAFE TRAVEL AND TOURS AGENCY,Cavite,Bacoor City,"#353 F1 COMMERCIAL BUILDING MOLINO III, BACOOR, CAVITE",464711761,,"June 30, 2026"
,Region 4A,Travel and Tour Agency,DOT-R4A-TTA-02181-2025,A&GM TRAVEL AND TOURS OPC,Cavite,Dasmariñas City,"Block 5 Lot 66 Dancing Lady St South Garden Homes, Salitran III",9684225478,,"June 30, 2026"
,Region 4A,Travel and Tour Agency,DOT-R4A-TTA-00659-2022,A.C TRAVEL AND TOURS,Laguna,Calamba City,"NATIONAL HIGHWAY, PACIANO RIZAL",(049) 5026348,https://www.actravelandtours.com/,"June 30, 2026"
,Region 4A,Travel and Tour Agency,DOT-R4A-TTA-01102-2022,A.C. TRAVEL AND TOURS - SM CALAMBA BRANCH,Laguna,Calamba City,"364 3RD SM CITY CALAMBA, BRGY. REAL",(049) 5300113,,"June 30, 2026"
,Region 4A,Travel and Tour Agency,DOT-R4A-TTA-00943-2022,AMG GLOBAL TRAVEL AND TOURS,Laguna,Santa Rosa City,"Unit 5 Flying V Gas station, F. Reyes st. Brgy. Balibago",9178926228,,"June 30, 2026"
,Region 4A,Travel and Tour Agency,DOT-R4A-TTA-00357-2021,AIR CHANNEL TRAVEL AND TOURS,Rizal,Rodriguez,366 COL S. CRUZ ST. SAN RAFAEL RODRIGUEZ RIZAL,9178346745,,"June 30, 2026"
,Region 4A,Travel and Tour Agency,DOT-R4A-TTA-02083-2025,ANGELWINGS INTERNATIONAL TRAVEL AGENCY,Batangas,Batangas City,"Sitio Silangan, Tulo, Batangas City, Batangas",9085607066,,"June 30, 2026"
,Region 4A,Travel and Tour Agency,DOT-R4A-TTA-00260-2021,ARON STAR TRAVEL & TOURS,Rizal,Antipolo City,"G/F U NIT-3 JAME BLDG., A BONIFACIO ST., Brgy. Dela Paz",285253177,https://aronstartravelph.com/,"June 30, 2026"
,Region 4A,Travel and Tour Agency,DOT-R4A-TTA-01172-2023,Atinto Travel and Tours,Quezon,Lucban,"GF Planters Bldg. Racelis Street, Brgy. 2",,,"June 30, 2026"
,Region 4A,Travel and Tour Agency,DOT-R4A-TTA-02242-2025,Bathaluman Travel and Tours Services,Quezon,Tayabas City,Alandy Compound,9695920751,,"June 30, 2026"
,Region 4A,Travel and Tour Agency,DOT-R4A-TTA-01846-2024,AZA TRAVEL AND TOURS,Batangas,Batangas City,"ELM Bldg RIzal Avenue Corner P Zamora St., Barangay 18 (Pob.)",9175571217,,"June 30, 2025"
,Region 4A,Travel and Tour Agency,DOT-R4A-TTA-02240-2025,JJEMM Travel and Tours,Batangas,Tanauan City,922 J.P Laurel Highway,639206224774,,6/30/2026
,Regio 4A,Travel and Tour Agency,DOT-R4A-TTA-01847-2024,BERZEL PRIME TRAVEL N TOURS,Batangas,Batangas City,"82 B RIZAL AVE. PIT SNR BLDG, Barangay 22 (Pob.)",09171934279 / 09475888771,,"June 30, 2025"
,Region 4A,Travel and Tour Agency,DOT-R4A-TTA-00257-2021,Bestwing Travel and Tours OPC,Cavite,Silang,"M. KIAMZON STREET, BRGY. II",,,"June 30, 2026"
,Region 4A,Travel and Tour Agency,DOT-R4A-TTA-00117-2021,BEYOND ESCAPE TRAVEL AND TOURS,Cavite,Imus City,"UNIT 6, PUREGOLD-ANABU, AGUINALDO HIGHWAY, BRGY. ANABU II C",(0947)9925926,http://www.beyondescapetravel.com,"June 30, 2026"
,Region 4A,Travel and Tour Agency,DOT-R4A-TTA-02010-2024,Blessed Genesis Travel Management & Consultancy Inc.,Cavite,Trece Martires City,Unit 0523 Tower C Hope Residences Lot 1 Governor's Drive Brgy. San Agustin,,,"June 30, 2026"
,Region 4A,Travel Agency,DOT-R4A-TRA-02007-2024,CITILITE TRAVEL AND TOURS (PHILIPPINE EXPLORER),Cavite,Dasmariñas City,"LGF SM City Dasmariñas, Brgy. Sampaloc I",,,"June 30, 2026"
,Region 4A,Travel and Tour Agency,DOT-R4A-TTA-01951-2024,CITY TRAVEL (CITY TRAVEL & TOURS CORPORATION),Cavite,Bacoor City,"2F Unit 201 Conrado Commercial Complex, Aguinaldo Hwy, Niog I",9209632882,,"June 30, 2026"
,Region 4A,Travel and Tour Agency,DOT-R4A-TTA-00089-2021,CYGNAL TRAVEL AND TOURS CO.,Rizal,San Mateo,"2nd FLR COBARRUBIAS BLDG. 35 GEN LUNA ST, BRGY. BANABA",9173009892,http://www.cygnaltravel.com,"June 30, 2026"
,Region 4A,Travel and Tour Agency,DOT-R4A-TTA-01836-2024,lykabee travel and tours,Rizal,Antipolo City,blk 10 lot 4 brittany 1,9951893353,https://www.lykabeetours.com/,"June 30, 2026"
,Region 4A,Travel and Tour Agency,DOT-R4A-TTA-01764-2024,Oneaccord Travel and Tours,Rizal,Cainta,"Unit C, Second Floor, East 5 Place Property Building, Village East Cainta",0918 910 0816,,"June 30, 2026"
,Region 4A,Travel and Tour Agency,DOT-R4A-TTA-00122-2021,DELIVERANCE TRAVEL AND TOURS,Cavite,Imus,BLL 3 LOT 18 HAPPY HOMES,046 8947074,,"June 30, 2026"
,Region 4A,Travel and Tour Agency,DOT-R4A-TTA-00178-2021,Easy Flowing Travel and Tours,Cavite,Imus,333 Medicion II-C,9189649324,https://easyflowing45686452.wordpress.com,"June 30, 2026"
,Region 4A,Travel and Tour Agency,DOT-R4A-TTA-01072-2022,Easy-Trip Travel and Tours,Rizal,San Mateo,"48 Kambal Road, Guitnang Bayan II (Pob.)",9176776613,EasyTripTravel2022@gmail.com,"June 30, 2026"
,Region 4A,Travel and Tour Agency,DOT-R4A-TTA-01078-2022,EDER TRAVEL AND TOURS,Laguna,Calamba City,"BLK3 LOT26 BIRCH STREET OLIVAREZ HOMES, MILAGROSA",09997979248 / 09663289923,https://edertravelandtours.com/,"June 30, 2026"
,Region 4A,Travel and Tour Agency,DOT-R4A-TTA-00279-2021,Festive Travel and Tours Services,Laguna,Sta. Rosa City,"B32 Lot 2 Grand Chestnut Grove. Sta Rosa - Tagaytay Road, Pulong Sta. Cruz",,,"June 30, 2026"
,Region 4A,Travel and Tour Agency,DOT-R4A-TTA-01474-2023,FLORAL888 TRAVEL AND BUSINESS CENTER,Quezon,Lucena City,164 Granja Street,9692688081,https://www.facebook.com/Floral888travelph,"June 30, 2026"
,Region 4A,Travel and Tour Agency,DOT-R4A-TTA-00988-2022,GLOBAL LEISURE TRAVEL AND TOURS,Rizal,Taytay,2F Geronimo Bldg. 30 L Wood St. Brgy. Dolores,9218402768,,"June 30, 2026"
,Region 4A,Travel and Tour Agency,DOT-R4A-TTA-02229-2025,IRONSANMIG JET-SETTING TRAVEL AND TOURS,Rizal,Taytay,"Unit 204 JDL Francisco Bldg. Manila East Road, Bangiad, Brgy San Juan, Taytay Rizal",9178100656,,"June 30, 2026"
,Region 4A,Travel and Tour Agency,DOT-R4A-TTA-01151-2023,DNCS TRAVEL AND TOURS,Rizal,Antipolo City,123 B Cadena de Amor St Greenheights Subd,09321659176 / 09774583218,,"June 30, 2026"
,Region 4A,Travel and Tour Agency,DOT-R4A-TTA-01076-2022,Guisokians Travel and Tours,Laguna,Cabuyao,"Mamatid, Cabuyao, Laguna",495505946 / 09230221991,https://guisokians.webtulz.site,"June 30, 2026"
,Region 4A,Travel and Tour Agency,DOT-RA-TTA-00105-2021,HARVESTER'S TRAVEL AND TOURS,Laguna,Pila,111 M.H Del Pilar Street Brgy. Bulilan Norte (Pob.),,,"June 30, 2026"
,Region 4A,Travel and Tour Agency,DOT-R4A-TTA-02097-2025,JE TRAVEL AND TOURS,Laguna,Biñan,UNIT 201 2ND FLOOR MB AGUIRRE BLDG DR A GONZALES ST BRGY SAN JOSE BINAN LAGUNA,9395218437,,"June 30, 2026"
,Region 4A,Travel and Tour Agency,DOT-R4A-TTA-01029-2022,JEN AND GIL TRAVEL AND TOURS,Laguna,Sta. Cruz,"Lot 56, Sitio 5, Brgy. San Juan",9153869635,,"June 30, 2026"
,Region 4A,Travel and Tour Agency,DOT-R4A-TTA-01980-2024,JIGOLO TRAVEL AND TOURS,Quezon,Candelaria,Cabunyag Street,9983284417,https://jigolotravel.com/,"June 30, 2026"
,Region 4A,Travel and Tour Agency,DOT-R4A-TTA-00924-2022,JMX TRAVEL AND TOURS,Cavite,Imus City,"Blk 4 Lot 4 Barcelona Drive, Barcelona Homes Phase 1, Buhay na Tubig,",,,"June 30, 2026"
,Region 4A,Travel and Tour Agency,DOT-R4A-TTA-00399-2021,JOURNEY BEYOND TIME TRAVEL AND TOURS SERVICES,Batangas,Batangas City,P GOMEZ STREET,9688881420,https://www.journeybeyondtimetravel.com,"June 30, 2026"
,Region 4A,Travel and Tour Agency,DOT-R4A-TTA-01827-2024,J'STINATION TRAVEL AND TOURS,Laguna,Binan City,B19 L22 Unit G 2nd Floor South City Drive St. South City Homes,09285540112/0495482781,,"June 30, 2025"
,Region 4A,Travel and Tour Agency,DOT-R4A-TTA-00202-2021,Juan Pasyalan Travel and Tours,Laguna,Cabuyao,"1045 Me, P. Burgos St., Brgy. Dos (Pob)",049 304 9879,,"June 30, 2026"
,Region 4A,Travel and Tour Agency,DOT-R4A-TTA-01864-2024,JUSTCHILL TRAVEL & TOURS,Batangas,Batangas City,"R&E bldg. Barangay Bolbok, National rd.",9052162713,,"June 30, 2025"
,Region 4A,Travel and Tour Agency,DOT-R4A-TTA-02188-2025,JVLA Easy Travel and Tours,Cavite,Naic,"Antero Soriano Highway, Ibayo Silangan","09985140812, 09178490246, (046) 4387244",https://jvlaeasytravel.weebly.com/,"June 30, 2026"
,Region 4A,Travel Agency,DOT-R4A-TRA-02171-2025,PORT-2-PORT TRAVEL & TOURS,Cavite,Trece Martires City,"051 TRECE-INDANG ROAD, LUCIANO (Bitangan)",9.57E+09,,"June 30, 2026"
,Region 4A,Travel and Tour Agency,DOT-R4A-TTA-01845-2024,LE TRAVEL AND TOURS,Batangas,Batangas City,Purok 3 National Highway Calicanto,9273806217,,June 30 2025
,Region 4A,Travel and Tour Agency,DOT-R4A-TRA-00509-2021,Let's Get Travel,Cavite,Dasmariñas City,"2nd flr Blk 3 Lot 10 Mabuhay Commercial, Paliparan III",(046) 4898886/ 09261515156/ 09213320035,,"June 30, 2026"
,Region 4A,Travel and Tour Agency,DOT-R4A-TTA-02082-2025,MASADYA TRAVEL AND TOURS,Cavite,Dasmariñas City,"Don P. Campos Avenue Corner I, Mangubat St. Zone 4",9153464741,http://masadyatravelandtours.website3.me,"June 30, 2026"
,Region 4A,Travel and Tour Agency,DOT-R4A-TTA-01861-2024,METROWANDERER TRAVEL SERVICES,Rizal,Antipolo City,"SECOND LEVEL, SM CITY MASINAG, MAYAMOT",9153427200,,"June 30, 2025"
,Region 4A,Travel and Tour Agency,DOT-R4A-TTA-00013-2020,My Destination Tours and Travel,Rizal,Antipolo City,"342-343 SM Cherry Antipolo, Marcos Highway",86355022,http://mydestinationph.com,"June 30, 2026"
,Region 4A,Travel Agency,DOT-R4A-TRA-00236-2021,PAKISUYO TRAVEL AND TOURS,Cavite,Dasmariñas City,Camerino corner San Juan Sts,9178053266,https://pakisuyo.com/,"June 30, 2026"
,Region 4A,Travel and Tour Agency,DOT-R4A-TTA-01971-2024,PICK A TRIP TRAVEL AND TOURS,Quezon,Lucena City,"2nd floor SM City Lucena Maharlika Highway, corner Dalahican Rd",0926 044 8716 / 0917 659 2626,,"June 30, 2026"
,Region 4A,Travel and Tour Agency,DOT-R4A-TTA-00666-2022,ROYAL DESTINATION TRAVEL AND TOURS,Cavite,Bacoor City,UNIT 8 2ND FLOOR SAED BUILDING MOLINO ROAD MOLINO 3 BACOOR CAVITE,9458312020,https://royaldestination-travel.com/,"June 30, 2026"
,Region 4A,Travel and Tour Agency,DOT-R4A-TTA-01106-2022,Renan Tina Travel and Tours,Laguna,San Pedro,"B2 L7 NARRA AVENUE SAINT JOSEPH VILLAGE 10 PHASE 2, LANGGAM",,,"June 30, 2026"
,Region 4A,Travel and Tour Agency,DOT-R4A-TTA-00484-2021,RODHESS TICKETING AND TRAVEL SERVICES,Quezon,Tayabas City,"Block 9 Lot 7 Leveriza Drive, Leveriza Heights Subdivision, Isabang",427847279,,"June 30, 2026"
,Region 4A,Travel and Tour Agency,DOT-R4A-TTA-01003-2022,Sam's Travel and Tours Services,Cavite,Kawit,260 Marulas,"0919-000-8001, 0919-003-3067, 0915-473-2508",https://www.facebook.com/weconquerph,"June 30, 2026"
,Region 4A,Travel and Tour Agency,DOT-R4A-TTA-01932-2024,Sardonyx Tours & Travel,Rizal,Antipolo City,"B4 L33 Emerald Hills Subd. Sumulong Highway, Sta. Cruz",,,"June 30, 2026"
,Region 4A,Travel and Tour Agency,DOT-R4A-TTA-00195-2021,SCRIPT TRIP TRAVEL AND TOURS,Cavite,Carmona,"Unit 203 Pelicon Bldg., Sugar Road Cityland Subdivision Brgy. Mabuhay",046-8895651,https://www.scripttriptravel.com/,"June 30, 2026"
,Region 4A,Travel Agency,DOT-R4A-TTA-00343-2021,Skyland Travel & Tours by: Jolee Ann A. Adefuin,Laguna,Santa Cruz,"National Highway, Brgy. Patimbao",495466084,https://itravelwithskyland.com/,"June 30, 2026"
,Region 4A,Travel and Tour Agency,DOT-R4A-TTA-01913-2024,Skylounge Travel and Tours,Laguna,Sta. Rosa,2FS-5 BLDG. D SOLENAD 3 AYALA MALL NUVALI,,,"June 30, 2026"
,Region 4A,Travel and Tour Agency,DOT-R4A-TTA-01029-2022,Jen and Gil Travel and Tours,Laguna,Santa Cruz,"Lot 56, sitio 5, brgy. San juan, santa cruz, laguna",9153869635,https://www.facebook.com/JAGTAT.ph,"June 30, 2026"
,Region 4A,Travel and Tour Agency,DOT-R4A-TTA-00331-2021,SRV Travel Services Inc.,Rizal,San Mateo,112 125B Gen Luna Street Ampid 1,83341682,https://srvtravel.com.ph/,"June 30, 2026"
,Region 4A,Travel and Tour Agency,DOT-R4A-TTA-00112-2021,Super Save Leisure Travel & Tours,Cavite,Dasmariñas City,"HMO Building, Aguinaldo Highway, Brgy. Salitran II",,,"June 30, 2026"
,Region 4A,Travel Agency,DOT-R4A-TRA-01383-2023,TAYTAY TRAVEL BUREAU,Rizal,Taytay,228 Rizal Ave. cor. Salazar St,9085640161,,"June 30, 2026"
,Region 4A,Travel and Tour Agency,DOT-R4A-TTA-02170-2025,JYLTRES MARIAS TRAVEL & TOURS,Batangas,Calaca,"412 Brgy. 1, Calaca, Batangas",9175261957,https://jyltresmariastravel.com/,"June 30, 2026"
,Region 4A,Travel and Tour Agency,DOT-R4A-TTA-01855-2024,Twise Travel and Tours,Laguna,Calauan,L. Geroisa Avenue Brgy Silangan,09369396930 / 09053851785,,"June 30, 2025"
,Region 4A,Travel and Tour Agency,DOT-R4A-TTA-02218-2025,MELQUISEDEC TRAVEL AND TOURS,Laguna,Nagcarlan,2nd Floor of Plantilla Store #063 Rizal Avenue,492534213,,"June 30, 2026"
,Region 4A,Travel and Tour Agency,DOT-R4A-TTA-01462-2023,VIAJE TRAVEL AND TOURS,Laguna,Santa Cruz,"A. REGIDOR ST., BRGY. IV (POB)",9158375470,,"June 30, 2026"
,Region 4A,Travel and Tour Agency,DOT-R4A-TTA-00960-2022,VICTORY OF ALTHEA'S TRAVEL AND GENERAL SERVICES,Batangas,Lemery,"RIZAL ST, DISTRICT II (POB)",9171565503,,"June 30, 2026"
,Region 4A,Travel and Tour Agency,DOT-R4A-TTA-02234-2025,Atyourside Travel and Tours Services,Batangas,Malvar,JP Laurel Poblacion Malvar Batangas,9958932707,,"June 30, 2026"
,Region 4A,Travel and Tour Agency,DOT-R4A-TTA-02235-2025,D' FRANCE TRAVEL INC.,Batangas,Lipa City,"JOSEPHINE BUSINESS PROPERTIES, J.P. LAUREL HIGHWAY",(043) 774-5113,,"June 30, 2026"
,Region 4A,Travel and Tour Agency,DOT-R4A-TRA-01332-2023,Wanderlust Travel and Tours,Batangas,Lipa City,2F ASTRAL HUB AYALA HIGHWAY,437021686,,"June 30, 2026"
,Region 4A,Travel and Tour Agency,DOT-R4A-TTA-01287-2023,VON AIRE TRAVELS AND TOURS,Cavite,Carmona,"Unit E Ground Flr. Deems Bldg. Sugar Road, City Subdivision, Brgy. Mabuhay",046 483 0697 / 09060287995,,"June 30, 2026"
,Region 4A,Travel and Tour Agency,DOT-R4A-TTA-01919-2024,Vantrippers Travel and Tours,Cavite,General Trias,"HMC Building unit 5 Brookside lane Arnaldo Hi way, San Francisco",,,"June 30, 2026"
,Region 4A,Travel and Tour Agency,DOT-R4A-TTA-00106-2021,Viajero Gabrielle Travel and Tour,Cavite,Imus City,"Blk 12 Lot 23 Phase A Legian 2, Brgy. Carsadang Bago I",9173345206,https://vgttourscom.wordpress.com/,"June 30, 2026"
,Region 4A,Agri-tourism Farm Site / Farm Tourism Camp,DOT-R4A-AGT-00354-2021,"The Homestead Ecofarm, OPC",Batangas,Lipa City,Purok 1,09189294623/09209602234/09293582514/09989641628,http://www.thehomestead.ph,"September 19, 2025"
,Region 4A,Agri-tourism Farm Site / Farm Tourism Camp,DOT-R4A-AGT-00520-2021,Crooc Agri-Tourism (Bounty Harvest Farm),Cavite,Indang,"Ulo River Road, Buna Cerca, Indang, Cavite","9,189,132,463",https://www.facebook.com/BountyHarvestFarm,"November 29, 2025"
,Region 4A,Agri-tourism Farm Site / Farm Tourism Camp,DOT-R4A-AGT-01761-2024,SILAN AGRIFARM,Cavite,Indang,"Barangay Tambo Kulit Indang, Cavite",9088158321,,"January 23, 2026"
,Region 4A,Agri-tourism Farm Site / Farm Tourism Camp,DOT-R4A-AGT-00882-2022,DAANG-HARI CAMPGROUNDS AGRI-TOURISM PARK (ESMERIS FARM),Laguna,Liliw,"Daang-hari (Esmeris Farm), Ilayang San Roque",,,"August 14, 2026"
,Region 4A,Agri-tourism Farm Site / Farm Tourism Camp,DOT-R4A-AGT-00010-2023 (M),GIRASOLES FARM,Quezon,Candelaria,"ZONE 3, DIVERSION ROAD, CANDELARIA, QUEZON",,,"November 6, 2025"
,Region 4A,Agri-tourism Farm Site / Farm Tourism Camp,DOT-R4A-AGT-01466-2023,OUANS WORTH FARM & FAMILY RESORT,Quezon,Lucena City,Km 133 Kanlurang Mayao Lucena City,9103109937,,"January 15, 2026"
,Region 4A,Agri-tourism Farm Site / Farm Tourism Camp,DOT-R4A-FTC-01952-2024,GAEAS SANCTUARY,Rizal,Tanay,"SITIO SAMPIRO, PLAZA ALDEA",0999 994 5750,,"September 10, 2026"
,Region 4A,Hotel,DOT-R4A-MAB-02001-2024,JVJ HOTEL,Batangas,Batangas City,"JVJ Hotel, Diversion Rd., Brgy. Bolbok",,,"October 31, 2026"
,Region 4A,Hotel,DOT-R4A-HTL-00186-2021,Bauan Plaza Hotel (Bauan Plaza Hotel Resort and Leisure Corporation),Batangas,Bauan,"J.P Rizal cor. Kapitan Ponso St. Brgy, II (Pob.)",(043) 702 8414,,"October 31, 2026"
,Region 4A,Hotel,DOT-R4A-HTL-00131-2021,"CML Beach Resort and Water Park, Incorporated",Batangas,Lemery,CML Beach Resort and Water Park,#ERROR!,http://cmlbeachresort.com/,"October 31, 2025"
,Region 4A,Hotel,DOT-R4A-HTL-00360-2021,Splendido Tagaytay Hotel,Batangas,Laurel,"Splendido Taal Residential Estate, Brgy. San Gabriel, Laurel Batangas",9998117122,,"October 31, 2026"
,Region 4A,Hotel,DOT-R4A-HTL-01456-2023,3 Peaks Resort Hotel,Batangas,Lipa City,"Purok 1, Dagatan Road corner Alaminos-Lipa Road",9178508003,,"October 31, 2025"
,Region 4A,Hotel,DOT-R4A-HTL-00502-2021,AQUAMARINE RECREATIONAL CENTER,Batangas,Lipa City,"BANAYBANAY, LIPA CITY",9175146084,https://www.aquamarine.com.ph/,"October 31, 2026"
,Region 4A,Hotel,DOT-R4A-HTL-01382-2023,Hotel 1925,Batangas,Lipa City,Lamar Pilahan St.,09178269629 / 757 5086,https://www.hotel1925.com/,"October 31, 2025"
,Region 4A,Hotel,DOT-R4A-HTL-01024-2022,JET HOTEL,Batangas,Lipa City,"Ayala Highway, Brgy. Mataas na Lupa",043 7749957,https://www.jethotel.com.ph,"October 31, 2026"
,Region 4A,Hotel,DOT-R4A-HTL-00558-2021,FOREST CREST NATURE HOTEL AND RESORT,Batangas,Nasugbu,"Km72 Sitio Batulao, Barangay Kaylaway, Nasugbu Batangas",9177035876,https://forestcrestnatureresort.com/,"October 31, 2025"
,Region 4A,Hotel,DOT-R4A-HTL-00006-2020,PICO SANDS HOTEL,Batangas,Nasugbu,"Pico de Loro Cove, Brgy. Papaya, Nasugbu, Batangas",02 84647888,http://www.picosandshotel.com,"October 31, 2026"
,Region 4A,Hotel,DOT-R4A-HTL-00655-2022,ROSARIO RESORT AND HOTEL,Batangas,Rosario,"ROSARIO RESORT AND HOTEL , NATIONAL HIGHWAY, BRGY. QUILIB, ROSARIO, BATANGAS",0977 806 4396 | 0949 990 6350,,"November 1, 2026"
,Region 4A,Hotel,DOT-R4A-HTL-00163-2021,MICROTEL BY WYNDHAM- BATANGAS,Batangas,Santo Tomas,"First Philippine Industrial Park Sta. Anastacia, Sto. Tomas Batangas",917 823 9058,https://www.microtel-batangas.com/,"November 1, 2025"
,Region 4A,Hotel,DOT-R4A-HTL-01377-2023,ROSSROSE HOTEL,Batangas,Santo Tomas,"PUROK 4, SAN VICENTE, CITY OF STO. TOMAS, BATANGAS",9158189930,,"October 31, 2025"
,Region 4A,Hotel,DOT-R4A-HTL-00161-2021,SANTOMAS SUITES,Batangas,Santo Tomas,"R.S Diaz Ave., cor. First St. First Philippine Industrial Park",043 405 6797,https://www.santomassuites.ph,"October 31, 2026"
,Region 4A,Hotel,DOT-R4A-HTL-00315-2021,Bravo Tanauan Hotel,Batangas,Tanauan City,"Lot 17, Blk. 4, President Laurel Highway",7415136,,"October 31, 2025"
,Region 4A,Hotel,DOT-R4A-HTL-00205-2021,Hill Creek Gardens Tagaytay,Cavite,Alfonso,"134 Tagaytay-Alfonso Rd, Brgy. Sikat, Alfonso, Cavite",046 412 7276,,"October 31, 2025"
,Region 4A,Hotel,DOT-R4A-HTL-01146-2023,FYNN BOUTIQUE HOTEL,Cavite,Bacoor City,"Km.17, Aguinaldo Highway, P.F. Espiritu IV",046 5058659/046875 9655,https://www.fynnboutiquehotel.com,"October 31, 2026"
,Region 4A,Hotel,DOT-R4A-HTL-02251-2025,Brittany Hotels (Daang Hari),Cavite,Bacoor City,Brittany Hotels Daang Hari Road,046 888 9060,,"October 31, 2026"
,Region 4A,Hotel,DOT-R4A-HTL-00783-2022,QUATRO PASOS HOTEL,Cavite,Dasmariñas City,"4th Floor Mezanine FSC Highway Plaza Building, Aguinaldo Highway",464162385,,"October 31, 2026"
,Region 4A,Hotel,DOT-R4A-HTL-00028-2020,MICROTEL BY WYNDHAM EAGLE RIDGE,Cavite,General Trias,"Crisanto Delos Reyes Road, Javalera",046 509 1111,,"October 31, 2026"
,Region 4A,Hotel,DOT-R4A-HTL-02121-2025,THE BAYLEAF CAVITE,Cavite,General Trias,"Governors Drive, Manggahan",046 435 5000,https://www.thebayleaf.com.ph/bayleaf-cavite-hotel,"October 31, 2026"
,Region 4A,Hotel,DOT-R4A-HTL-01857-2024,MICROTEL BY WYNDHAM SOUTH FORBES,Cavite,Silang,SOUTH FORBES GOLF CITY BRGY. INCHICAN,049 543 4888,https://www.microtel-southforbes.com/,"October 31, 2026"
,Region 4A,Hotel,DOT-R4A-HTL-01068-2022,BRIZO HOTEL AND MOUNTAIN VIEW RESORT,Cavite,Silang,Purok 5 Barangay Cabangaan,89981563/09454774780,,"October 31, 2026"
,Region 4A,Hotel,DOT-R4A-HTL-01387-2023,STARVIEW HOTEL AND RESORT,Cavite,Silang,TUBUAN 1,9267527634,,"October 31, 2025"
,Region 4A,Hotel,DOT-R4A-HTL-01743-2024,ABAGATAN TI MANILA,Cavite,Tagaytay City,9021 Amuyong Kaytitinga Road,0917-855-4446,,"October 31, 2026"
,Region 4A,Hotel,DOT-R4A-HTL-01852-2024,AMEGA HOTEL,Cavite,Tagaytay City,"KM 54 EMILIO AGUINALDO HIGHWAY, Silang Junction South",9451144772,,"October 31, 2025"
,Region 4A,Hotel,DOT-R4A-HTL-02054-2024,El Bien Hotel,Cavite,Tagaytay City,"209 Ligaya Drive, Sungay West",(046) 889-2062 / 09458411291 / 09695925630,,"October 31, 2026"
,Region 4A,Hotel,DOT-R4A-HTL-00350-2021,Escala Tagaytay,Cavite,Tagaytay City,Purok 102 Poblete St Brgy. Maharlika West Tagaytay City,09176753806 and 02 532 8727,http://www.escalatagaytay.com,"October 31, 2025"
,Region 4A,Hotel,DOT-R4A-HTL-00302-2021,Hotel Casiana OPC,Cavite,Tagaytay City,"Gen. Emilio Aguinaldo Highway, Kaybagal South,",,,"October 31, 2026"
,Region 4A,Hotel,DOT-R4A-HTL-00020-2020,Hotel Carlito Tagaytay,Cavite,Tagaytay City,"Tagaytay-Calamba Road, San Jose",9171310088,https://hotelcarlito.com/,"October 31, 2026"
,Region 4A,Hotel,DOT-R4A-HTL-01047-2022,HOTEL KIMBERLY TAGAYTAY,Cavite,Tagaytay City,"Amadeo Road, Barangay, Crisanto M. De Los Reyes Ave, Tagaytay, Cavite",046-4838888,https://hotelkimberly.com,"October 31, 2026"
,Region 4A,Hotel,DOT-R4A-HTL-00086-2021,Hotel Monticello,Cavite,Tagaytay City,Brgy Kaybagal South,9778310088,https://hotelmonticello.com.ph/,"October 31, 2026"
,Region 4A,Hotel,DOT-R4A-HTL-00150-2021,Magallanes Square Hotel Inc.,Cavite,Tagaytay City,"Magallanes Square Complex, Silang Junction North",09175047820 / 09228043129,,"October 30, 2026"
,Region 4A,Hotel,DOT-R4A-HTL-02071-2024,QUEST HOTEL TAGAYTAY,Cavite,Tagaytay City,"FORA LIFESTYLE MALL, DIVERSION ROAD, AGUINALDO HIGHWAY, SILANG JUNCTION SOUTH",9190618215,,"October 31, 2026"
,Region 4A,Hotel,DOT-R4A-HTL-00017-2023 (M),ONE TAGAYTAY PLACE HOTEL SUITES,Cavite,Tagaytay City,"Barrio 445 Isaac O. Tolentino Ave, Formerly tagaytay-Calamba Rd. Tagaytay City, cavite",,,"October 31, 2025"
,Region 4A,Hotel,DOT-R4A-HTL-00132-2021,Thouse Tagaytay,Cavite,Tagaytay City,THouse Tagaytay 3195 Calamba Road,9399039587,https://www.thousetagaytay.com,"October 31, 2025"
,Region 4A,Hotel,DOT-R4A-HTL-00517-2021,SUMMIT RIDGE HOTEL,Cavite,Tagaytay City,KM. 58 AGUINALDO HIGHWAY,09988402578 / 02-82406888,https://www.summithotels.ph/,"October 31, 2025"
,Region 4A,Hotel,DOT-R4A-HTL-00011-2020,TAAL VISTA HOTEL,Cavite,Tagaytay City,"Frontier ST. Mabolo, Kaybagal South (Pob.), Tagaytay City",9175525367,https://www.taalvistahotel.com,"October 31, 2026"
,Region 4A,Hotel,DOT-R4A-HTL-00459-2021,Tagaytay Country Hotel,Cavite,Tagaytay City,"Olivarez Plaza, E. Aguinaldo Hi-way, Brgy. San Jose, Tagaytay City",(046) 413-3310,,"October 31, 2025"
,Region 4A,Hotel,DOT-R4A-HTL-00040-2020,Tagaytay Viewpark Hotel,Cavite,Tagaytay City,3500 Calamba Road Sungay East,9176313670,https://www.viewparkhotel.com/,"October 31, 2026"
,Region 4A,Hotel,DOT-R4A-HTL-02143-2025,THE LAKE HOTEL TAGAYTAY,Cavite,Tagaytay City,Km 58 General Emilio Aguinaldo Highway,9175939431,,"October 31, 2025"
,Region 4A,Hotel,DOT-R4A-HTL-00067-2021,Twin Lakes Hotel,Cavite,Tagaytay City,"Tagaytay-Nasugbu Highway, Brgy. Dayap Itaas",043-302-1688,https://twinlakeshotel.com.ph,"October 31, 2026"
,Region 4A,Hotel,DOT-R4A-HTL-01131-2022,"VIA APPIA RETREAT, TRAINING, DEVELOPMENT CENTER AND HOTEL",Cavite,Tagaytay City,"Sta. Rita Road, Brgy. Kaybagal",0998 962 2567,https://www.viaappiatagaytay.com/,"October 31, 2026"
,Region 4A,Hotel,DOT-R4A-HTL-00436-2021,Hotel Marciano,Laguna,Calamba City,"KM 54 National Highway, First PJM Compound",(049) 545-0101,https://hotelmarciano.com.ph/,"October 31, 2025"
,Region 4A,Hotel,DOT-R4A-HTL-00212-2021 (M),SPLASH MOUNTAIN RESORT,Laguna,Los Baños,"KM. 58 BRGY. LALAKAY, LOS BAÑOS, LAGUA",049-5366399 / 049-5366400,http://splashmountain.com/,"October 31, 2025"
,Region 4A,Hotel,DOT-R4A-HTL-00382-2021,Auravel Grande Hotel and Resort,Laguna,San Pablo City,"Maharlika Highway Brgy. San Francisco, Calihan, San Pablo City, Laguna",0917-892-1550 / (049) 503-0579,,"October 31, 2026"
,Region 4A,Hotel,DOT-R4A-HTL-00402-2021,Calypso Resort Hotel,Laguna,Santa Rosa City,"National Highway Brgy., Macabling Sta. Rosa City, Laguna",(049)533-90-54/ 09274631230/09479664044,,"October 31, 2025"
,Region 4A,Hotel,DOT-R4A-HTL-00038-2020,EL CIELITO HOTEL STA. ROSA,Laguna,Santa Rosa City,"1150 CAPT PERLAS ST, Brgy. Pulong Santa Cruz, Santa Rosa City, Laguna",9178754469,https://www.elcielitohotelstarosa.com/,"October 31, 2026"
,Region 4A,Hotel,DOT-R4A-HTL-00037-2020,SEDA NUVALI,Laguna,Santa Rosa City,"Lakeside Evozone, Nuvali, Sto. Domingo",492558888,,"October 31, 2026"
,Region 4A,Hotel,DOT-R4A-HTL-00518-2021,AQUAWOOD GARDEN RESORT HOTEL AND RESTAURANT,Quezon,Candelaria,Maharlika Highway,9672673603,https://aquawoodgardenhotel.com/,"October 31, 2025"
,Region 4A,Hotel,DOT-R4A-HTL-01537-2023,2205 Suites,Quezon,Lucena City,"Gomez Extension, Brgy. Ilayang Iyam, Lucena City, Quezon",042-719 2205,https://www.eophi.com/,"October 31, 2025"
,Region 4A,Hotel,DOT-R4A-HTL-01379-2023,SIOLAND GRAND PREMIER HOTEL INC,Quezon,Lucena City,Diversion Road,9338111635,,"October 31, 2025"
,Region 4A,Hotel,DOT-R4A-HTL-01513-2023,El Rancho Beach Hotel,Quezon,San Francisco,Sitio Kulongkulong,6.39E+11,https://www.el-rancho-beach-hotel.com/,"October 31, 2025"
,Region 4A,Hotel,DOT-R4A-HTL-00049-2021,ST. JUDE MULTI-PURPOSE COOPERATIVE COOP HOTEL AND EVENT CENTER,Quezon,Tayabas City,DIVERSION ROAD,042 7192752,,"October 31, 2026"
,Region 4A,Hotel,DOT-R4A-HTL-00414-2021,EUGENIO LOPEZ CENTER,Rizal,Antipolo City,"Sumulong Highway, Santa Cruz",82543068,,"October 31, 2026"
,Region 4A,Hotel,DOT-R4A-HTL-00555-2021,THE FIRST VILLA CRISTINA HOTEL & RESORT,Rizal,Antipolo City,Taktak Road Purok Sampaguita,86974521-22,,"October 31, 2026"
,Region 4A,Mabuhay Accommodation,DOT-R4A-MAB-02125-2025,HOTEL CASA ILUSTRE,Batangas,Balayan,"Barangay Calzada, Ermita, Balayan Batangas",09778055977 / (043) 785292,http://www.hotelcasailustre.com/,"October 31, 2025"
,Region 4A,Mabuhay Accommodation,DOT-R4A-HTL-01994-2024,A.B. CUEVA TRAVEL LODGE,Batangas,Batangas City,"National Highway, Brgy. Tinga Labak",,,"October 31, 2025"
,Region 4A,Mabuhay Accommodation,DOT-R4A-MAB-01872-2024,BICOTELS HOTEL,Batangas,Batangas City,"BAGUI ROAD, BRGY. KUMINTANG IBABA",9176273442,,"October 31, 2025"
,Region 4A,Mabuhay Accommodation,DOT-R4A-MAB-02032-2024,BRISAMAR BEACH RESORT,Batangas,Batangas City,"Sitio Hulong Bayanan, Brgy. Ilijan",9166943684,,"October 31, 2025"
,Region 4A,Mabuhay Accommodation,DOT-R4A-MAB-01996-2024,COME INN TRAVEL LODGE,Batangas,Batangas City,"0671 Rizal Avenue Extension, Brgy. Santa Clara",,,"October 31, 2025"
,Region 4A,Mabuhay Accommodation,DOT-R4A-MAB-01853-2024,D' MARINERS INN HOTEL,Batangas,Batangas City,"Jasmin Road, Kumintang Ibaba",9176230544,,"October 31, 2025"
,Region 4A,Mabuhay Accommodation,DOT-R4A-MAB-01917-2024,ELFLAMINGO TRAVEL LODGE,Batangas,Batangas City,Soro Soro Karsada,,,"October 31, 2025"
,Region 4A,Mabuhay Accommodation,DOT-R4A-MAB-02045-2024,GLORYMAR VISTA BEACH RESORT,Batangas,Batangas City,"Sitio Ibaba, Pagkilatan",9156020190,,"October 31, 2025"
,Region 4A,Mabuhay Accommodation,DOT-R4A-MAB-01906-2024,INN-LAND RESORT,Batangas,Batangas City,"254 Banaba South Batangas City, Brgy. Banaba Ibaba",9507747150,,"October 31, 2025"
,Region 4A,Mabuhay Accommodation,DOT-R4A-MAB-01834-2024,KAMANTIGUE BEACH AND DIVING RESORT,Batangas,Batangas City,"National Hway, Sitio Malao, Brgy Pagkilatan, Batangas City",9771024509,,"October 31, 2025"
,Region 4A,Mabuhay Accommodation,DOT-R4A-MAB-01749-2024,LUKS LOFTS HOTEL AND RESIDENCES,Batangas,Batangas City,"Joseling Road, Pallocan Kanluran, Batangas City",9458038454,,"October 31, 2026"
,Region 4A,Mabuhay Accommodation,DOT-R4A-MAB-01748-2024,MEACO ROYAL HOTEL,Batangas,Batangas City,ROYAL NOVO GREENLAND BLDG. EVANGELISTA ST.,9757119835,,"October 31, 2025"
,Region 4A,Mabuhay Accommodation,DOT-R4A-MAB-02041-2024,PELAGIC BEACH RESORT,Batangas,Batangas City,Sitio 7 G Pagkilatan,9274980222,,"October 31, 2025"
,Region 4A,Mabuhay Accommodation,DOT-R4A-MAB-01831-2024,RLR TRAVELER'S HOTEL,Batangas,Batangas City,"New Access Road, Brgy Sta. Clara Batangas City",0999-9003597,,"October 31, 2025"
,Region 4A,Mabuhay Accommodation,DOT-R4A-MAB-01964-2024,SM TRAVELODGE,Batangas,Batangas City,"National Highway, Tinga Labak",(043) 7232645,,"October 31, 2025"
,Region 4A,Mabuhay Accommodation,DOT-R4A-MAB-02189-2025,Surface Interval Resort,Batangas,Batangas City,San Agapito Isla Verde,9175805111,,"October 31, 2025"
,Region 4A,Mabuhay Accommodation,DOT-R4A-MAB-02057-2024,Tabing Batis River Pool,Batangas,Batangas City,"No. 20, Domoclay West",9055722530,,"October 31, 2025"
,Region 4A,Mabuhay Accommodation,DOT-R4A-MAB-01750-2024,The Alpa Hotel,Batangas,Batangbas City,"Tolentino Road, Kumintang Ibaba, Batangas City",9094856426,,"October 31, 2026"
,Region 4A,Mabuhay Accommodation,DOT-R4A-MAB-02053-2024,Vista de Puente Beach Resort,Batangas,Batangas City,"Sitio Bayanan, Ilihan",9152892907,,"October 31, 2025"
,Region 4A,Mabuhay Accommodation,DOT-R4A-MAB-01756-2024,RANZ HOTEL,Batangas,Batangas City,New Acess Rd.,9289049593,,"October 31, 2025"
,Region 4A,Mabuhay Accommodation,DOT-R4A-MAB-02243-2025,Dreaming Forest Hotel,Batangas,Batangas City,Brgy. Soro Soro Karsada,9178041832,https://www.dreamingforesthotel.com/,"October 31, 2025"
,Region 4A,Mabuhay Accommodation,DOT-R4A-MAB-00881-2022,Bauan Travelers Hotel,Batangas,Bauan,Manghinao Uno,9171844533,,"October 31, 2026"
,Region 4A,Mabuhay Accommodation,DOT-R4A-MAB-00403-2021,Portulano Resort,Batangas,Bauan,"San Pablo, Lot 11828-A",9175941070,https://www.portulano.com/,"October 31, 2025"
,Region 4A,Mabuhay Accommodation,DOT-R4A-MAB-00293-2021 (M),Jeff's and Axel's Lodging House,Batangas,Calatagan,"No.207 Sitio Bulihan,Brgy.Gulod,Calatagan, Batangas",9186550132,,"October 31, 2025"
,Region 4A,Mabuhay Accommodation,DOT-R4A-MAB-00808-2022,Villa Marines Resort,Batangas,Ibaan,Villa Marines Resort Branch 2,9399389150,,"October 31, 2025"
,Region 4A,Mabuhay Accommodation,DOT-R4A-MAB-00224-2021,Hip Nautic Beach Resort,Batangas,Lian,"Sitio Ilaya, Brgy. Matabungkay, Lian, Batangas",9175471967,,"October 31, 2025"
,Region 4A,Mabuhay Accommodation,DOT-R4A-MAB-01363-2023,Jenica Resort,Batangas,Lian,Sitio Ibaba,9212855296,,"October 31, 2025"
,Region 4A,Mabuhay Accommodation,DOT-R4A-MAB-01430-2023,Palms Beach Resort,Batangas,Lian,Balibago Sitio Aplaya,9561889397,,"October 31, 2025"
,Region 4A,Mabuhay Accommodation,DOT-R4A-MAB-01452-2023,SEABLISS BEACH RESORT,Batangas,Lian,ALEJANDRO J. CAISIP BLVD. ST,09770240840/09171996967,,"October 31, 2025"
,Region 4A,Mabuhay Accommodation,DOT-R4A-MAB-01806-2024,STARDUST 2 BEACH HOTEL,Batangas,Lian,"Matabungkay, Lian, Batangas",9171246147,https://www.stardustresort.com,"October 31, 2026"
,Region 4A,Mabuhay Accommodation,DOT-R4A-MAB-01415-2023,VANESSA'S BEACH HOUSE,Batangas,Lian,"BRGY, LUYAHAN LIAN, BATANGAS",9664408161,,"October 31, 2025"
,Region 4A,Mabuhay Accommodation,DOT-R4A-MAB-01355-2023,VILLA LA MARIA INN,Batangas,Lian,"Villa La Maria Inn, Barangay Matabungkay Lian Batnagas",9266645722,,"October 31, 2025"
,Region 4A,Mabuhay Accommodation,DOT-R4A-MAB-00319-2021,VIROSHMOR DAN ENTERPRISE (PATIO PITRONELA),Batangas,Lian,D. LAPITAN ST.,9063535861,,"October 31, 2025"
,Region 4A,Mabuhay Accommodation,DOT-R4A-MAB-00116-2021,ANAHAW COCO FARM AND RESORT INC.,Batangas,Lipa City,"214 Anahaw Compound, Sitio Catmon, Brgy. San Isidro, Lipa City",88093531,,"October 31, 2025"
,Region 4A,Mabuhay Accommodation,DOT-R4A-MAB-01000-2022,Casa-Carlita Private Resort,Batangas,Lipa City,Haguimit Rd.,9178370234,,"October 31, 2025"
,Region 4A,Mabuhay Accommodation,DOT-R4A-MAB-01463-2023,CASSA MARISSA RESORT,Batangas,Lipa City,Purok 4 Mt. Malarayat St. Brgy Sto. Nino Lipa City Batangas,9678617013,,"October 31, 2025"
,Region 4A,Mabuhay Accommodation,DOT-R4A-MAB-00565-2022,"B2-L16 BARANGAY HOMES SUBD .BALINTAWAK , LIPA CITY",Batangas,Lipa City,"B2-L16 BARANGAY HOMES SUBD .BALINTAWAK , LIPA CITY",9274000400,,"October 31, 2025"
,Region 4A,Mabuhay Accommodation,DOT-R4A-MAB-01444-2023,KAHARIAM REALTY & FARMS,Batangas,Lipa City,"BRGY. ADYA, LIPA CITY, BATANGAS",9188300090,https://www.kahariamfarms.com/,"October 31, 2025"
,Region 4A,Mabuhay Accommodation,DOT-R4A-MAB-02095-2025,KURVADA MOTORIST LODGE,Batangas,Lipa City,Mk. Lina St. Lodlod-Tambo Road Purok 2 Lodlod Lipa City,9985410842,,"October 31, 2025"
,Region 4A,Mabuhay Accommodation,DOT-R4A-MAB-01053-2022,LAKEVIEW HALANG PRIVATE RESORT,Batangas,Lipa City,"327 PUROK 4,",9752909848,,"October 31, 2025"
,Region 4A,Mabuhay Accommodation,DOT-R4A-MAB-00100-2021,LOG HOUSE FARM RESORT,Batangas,Lipa City,"182A Balete Rd. Purok 2, Bulacnin",9173214850,,"October 31, 2025"
,Region 4A,Mabuhay Accommodation,DOT-R4A-MAB-01181-2023,MEADOW PARK LODGE,Batangas,Lipa City,28 PUROK 1,9178770774,,"October 31, 2025"
,Region 4A,Mabuhay Accommodation,DOT-R4A-MAB-00642-2022,VILLAVIDA RESORT AND EVENTS CENTER,Batangas,Lipa City,CLASSICA VILLA AFRICA P1 BOLBOK,6.39E+11,https://www.facebook.com/LaVidaResortLipa/,"October 31, 2025"
,Region 4A,Mabuhay Accommodation,DOT-R4A-MAB-00351-2021 (M),ZILLION BUILDERS,Batangas,Lipa City,"A. Tanco Road, Balintawak, Lipa City, Batangas",0936 607 1963 / 0917 821 9027 / (043) 756 1588,https://www.zillionpavilion.com,"October 31, 2025"
,Region 4A,Mabuhay Accommodation,DOT-R4A-MAB-01461-2023,Blue Js Kubo Rental,Batangas,Lobo,"Brgy. Fabrica, Lobo, Batangas",9193586011,,"October 31, 2025"
,Region 4A,Mabuhay Accommodation,DOT-R4A-MAB-02164-2025,CAMPO CANUEZA CAMPING SITE RENTAL,Batangas,Lobo,"Purok 7 Brgy Fabrica, Lobo, Batangas",9274335472,,"October 31, 2025"
,Region 4A,Mabuhay Accommodation,DOT-R4A-MAB-01249-2023,CERCA PAROLA BEACH RESORT,Batangas,Lobo,"BGRY. MALABRIGO, LOBO, BATANGAS",9178236847,,"October 31, 2025"
,Region 4A,Mabuhay Accommodation,DOT-R4A-MAB-01213-2023,CHECOSEY'S CRIB RESORT,Batangas,Lobo,"Brgy. Sawang, Lobo Batangas",9175044448,,"October 31, 2025"
,Region 4A,Mabuhay Accommodation,DOT-R4A-MAB-01260-2023,D2GO BEACH RESORT,Batangas,Lobo,"Purok Recto B,Malabrigo,Lobo Batangas",9279204148,,"October 31, 2025"
,Region 4A,Mabuhay Accommodation,DOT-R4A-MAB-01220-2023,FLORDELIZ BEACH RESORT COMPANY,Batangas,Lobo,Flordeliz Beach Resort,9178922291,,"October 31, 2025"
,Region 4A,Mabuhay Accommodation,DOT-R4A-MAB-01200-2023,Franscene Beach Resort,Batangas,Lobo,"Purok 7 Brgy. Fabrica, Lobo, Batangas",9956183150,,"October 31, 2025"
,Region 4A,Mabuhay Accommodation,DOT-R4A-MAB-01250-2023,HONEY BEACH RESORT,Batangas,Lobo,"BRGY SAWANG, LOBO, BATANGAS",9277926990,,"October 31, 2025"
,Region 4A,Mabuhay Accommodation,DOT-R4A-MAB-01208-2023,LA BIEN BEACH RESORT,Batangas,Lobo,Brgy. Malabrigo,9178854061,,"October 31, 2025"
,Region 4A,Mabuhay Accommodation,DOT-R4A-MAB-02196-2025,LAKANIPAO RESORT (PUNTA VERDE ),Batangas,Lobo,"Brgy,. Balibago, Lobo, Batangas",9268419179,,"October 31, 2025"
,Region 4A,Mabuhay Accommodation,DOT-R4A-MAB-01221-2023,LEA'S BEACH RESORT,Batangas,Lobo,PUROK 1,9391969124,,"October 31, 2025"
,Region 4A,Mabuhay Accommodation,DOT-R4A-MAB-02094-2025,LERICH BEACH RESORT,Batangas,Lobo,SITIO MARIWASA,9696050805,,"October 31, 2025"
,Region 4A,Mabuhay Accommodation,DOT-R4A-MAB-02085-2025,NESSIE LOU'S PRIVATE RESORT,Batangas,Lobo,PUROK 6,9171398688,,"October 31, 2025"
,Region 4A,Mabuhay Accommodation,DOT-R4A-MAB-02178-2025,PATAG HIGHLANDS RESORT,Batangas,Lobo,"Purok Laurel, Brgy. Malabrigo",9171667248,,"October 31, 202t5"
,Region 4A,Mabuhay Accommodation,DOT-R4A-MAB-01274-2023,SHIRAKIMBE BEACH RESORT,Batangas,Lobo,"Sitio Bungahan, Lobo-Malabrigo Road",9266001282,,"October 31, 2025"
,Region 4A,Mabuhay Accommodation,DOT-R4A-MAB-01228-2023,Submarine Garden Beach Resort,Batangas,Lobo,"Sitio Masagana, barangay sawang",0927 340 5757,,"October 31, 2025"
,Region 4A,Mabuhay Accommodation,DOT-R4A-MAB-02145-2025,TAMBAYAN KA CALIXTO,Batangas,Lobo,"Purok 4, Brgy. Olo-olo, Lobo, Batangas",9912859891,,"October 31, 2025"
,Region 4A,Mabuhay Accommodation,DOT-R4A-MAB-01851-2024,VERDA’ALI BEACH RESORT,Batangas,Lobo,Brgy. Biga centro labak,9451193910,https://www.facebook.com/gilkayeh?mibextid=ZbWKwL,"October 31, 2025"
,Region 4A,Mabuhay Accommodation,DOT-R4A-MAB-01779-2024,AQUA-FRONTIER HOTEL-AND-RESTAURANT,Batangas,Lobo,"398 Purok Laurel Malabrigo, Lobo, Batangas",9176560516,,"October 31, 2026"
,Region 4A,Mabuhay Accommodation,DOT-R4A-MAB-00442-2021,ARTHUR'S PLACE DIVE RESORT,Batangas,Mabini,"BALAGBAG, BAGALANGIT, MABINI, BATANGAS",9177779341,,"October 31, 2025"
,Region 4A,Mabuhay Accommodation,DOT-R4A-MAB-00273-2021,Buceo Anilao Beach and Dive Resort,Batangas,Mabini,Sitio Balanoy Barangay San Teodoro Mabini Batangas,9175797333,https://buceoanilao.com/,"October 31, 2025"
,Region 4A,Mabuhay Accommodation,DOT-R4A-MAB-00771-2022,Clubmir Beach Resort,Batangas,Mabini,041 Club j dive resort,9565666258,,"October 31, 2025"
,Region 4A,Mabuhay Accommodation,DOT-R4A-MAB-00085-2021,CRYSTAL BLUE RESORT,Batangas,Mabini,"Crystal Blue Resort, Baglangit Balagbag Mabini, Batangas",9088726401,https://www.divecbr.com/,"October 31, 2026"
,Region 4A,Mabuhay Accommodation,DOT-R4A-MAB-01293-2023,Manzil Anilao Transient House,Batangas,Mabini,Anilao Proper Mabini Batangas,6.39E+11,,"October 31, 2025"
,Region 4A,Mabuhay Accommodation,DOT-R4A-MAB-02124-2025,PORTO NOVO ANILAO DIVE AND LEISURE RESORT,Batangas,Mabini,"Sitio Guinhawa, Brgy. Solo, Mabini, Batangad",9.09E+09,,"October 31, 2026"
,Region 4A,Mabuhay Accommodation,DOT-R4A-MAB-00680-2022,The Asri Dive and Leisure Resort,Batangas,Mabini,Sitio Balagbag,"09157034421, 09175355958",https://theasri.com/,"October 31, 2026"
,Region 4A,Mabuhay Accommodation,DOT-R4A-MAB-00441-2021,ANILAO PHOTO ACADEMY,Batangas,Mabini,081 Majuben road,9277452453,http://www.anilaophotoacademy.net,"October 31, 2025"
,Region 4A,Mabuhay Accommodation,DOT-R4A-MAB-02239-2025,Solana Resort,Batangas,Mabini,90 Mabini Circumferential Road,639088765262,https://www.divesolana.com,"October 31, 2025"
,Region 4A,Mabuhay Accommodation,DOT-R4A-MAB-00296-2021,LA MIRANDA BEACH RESORT,Batangas,Nasugbu,"APACIBLE BLVD. BRGY WAWA, NASUGBU, BATANGAS",6.39E+11,,"October 31, 2025"
,Region 4A,Mabuhay Accommodation,DOT-R4A-MAB-01793-2024,LAYOLAYO BEACH COVE RESORT,Batangas,Nasugbu,BRGY CALAYO NASUGBU BATANGAS,043 7835748,,"October 31, 2026"
,Region 4A,Mabuhay Accommodation,DOT-R4A-MAB-01196-2023,RJ BEARIS BEACH RESORT,Batangas,Nasugbu,"brgy bucana, nasugbu batangas",85538505,,"October 31, 2025"
,Region 4A,Mabuhay Accommodation,DOT-R4A-MAB-01466-2023,THE SANCTUARY BATULAO,Batangas,Nasugbu,SITIO KAYTOYANG,9173011980,https://thesanctuarybatulao.com,"October 31, 2025"
,Region 4A,Mabuhay Accommodation,DOT-R4A-MAB-00074-2021,BALAI ISING GARDEN RESORT,Batangas,Rosario,PUTING KAHOY ROSARIO BATANGAS,9178341605,,"October 31, 2025"
,Region 4A,Mabuhay Accommodation,DOT-R4A-HTL-00029-2020,"Bahay Marikit Resort, Hotel and Restaurant",Batangas,San Juan,Bahay Marikit. 119 National Highway,0435754745; 09175989175;09053093887;09228757749,http://www.bahaymarikit.com,"October 31, 2025"
,Region 4A,Mabuhay Accommodation,DOT-R4A-MAB-00164-2021,Casa Amara,Batangas,San Juan,"Casa Amara, San Juan - Batangas, Barangay Imelda",#ERROR!,,"October 31, 2025"
,Region 4A,Mabuhay Accommodation,DOT-R4A-MAB-02055-2024,Laiya Space Rental/The Resthouse Laiya,Batangas,San Juan,"San Juan - Laiya Road, Laiya-Aplaya",9178102449,,"October 31, 2026"
,Region 4A,Mabuhay Accommodation,DOT-R4A-MAB-00075-2021,PASEO VERDE BEACH RESORT,Batangas,San Juan,Pook Magalang Laiya Aplaya San Juan Batangas,09178914699 / 09088838748 / 0437733791,https://www.paseoverdebeachresort.com/,"October 31, 2025"
,Region 4A,Mabuhay Accommodation,DOT-R4A-MAB-00587-2022,PUNTA AGUILA RESORT AND HOTEL,Batangas,San Juan,Nagsaulay San Juan Batangas,9634049764,,"October 31, 2025"
,Region 4A,Mabuhay Accommodation,DOT-R4A-MAB-00846-2022,RICHBUON GARDEN AND RESORT,Batangas,San Juan,039 Brgy. Maraykit,,,"October 31, 2025"
,Region 4A,Mabuhay Accommodation,DOT-R4A-MAB-00070-2021,CALUBCUB BAY RESORT AND RECREATION,Batangas,San Juan,"SITIO PUNTOR, CALUBCUB 1ST, SAN JUAN, BATANGAS",9277091950,,"October 31, 2025"
,Region 4A,Mabuhay Accommodation,DOT-R4A-MAB-01413-2023,GELING LEISURE CORPORATION,Batangas,Santo Tomas,STO. TOMAS - LIPA ROAD,9989077257,,"October 31, 2025"
,Region 4A,Mabuhay Accommodation,DOT-R4A-MAB-01043-2022,Jenerick Resort,Batangas,Tanauan City,"Brgy. Laurel, Tanauan City, Batangas",437735427,,"October 31, 2025"
,Region 4A,Mabuhay Accommodation,DOT-R4A-MAB-01378-2023,MACUHA BEACH ISLAND RESORT,Batangas,Tingloy,PUROK 1,"09475995284, 09195526287",,"October 31, 2025"
,Region 4A,Mabuhay Accommodation,DOT-R4A-MAB-01914-2024,The Zen Villas Resort,Batangas,Lipa City,Purok 6B. Brgy. San Jose,,,"October 31, 2025"
,Region 4A,Mabuhay Accommodation,DOT-R4A-MAB-02022-2024,GIRASOL TAGAYTAY,Cavite,Alfonso,"Garden Hills, Commercial, Brgy. Sikat",,,"October 31, 2026"
,Region 4A,Mabuhay Accommodation,DOT-R4A-MAB-00487-2021,JOSELITO'S RESORT AND EVENT PLACE,Cavite,Amadeo,"SITIO, MATAGBAK, BRGY. TALON, AMADEO, CAVITE",,,"October 31, 2025"
,Region 4A,Mabuhay Accommodation,DOT-R4A-MAB-00384-2021,PATIO BUENDIA FARM RESORT AND EVENTS PLACE,Cavite,Amadeo,CRISANTO DELOS REYES AVENUE,9171874848,https://www.patiobuendia.com,"October 31, 2026"
,Region 4A,Mabuhay Accommodation,DOT-R4A-MAB-00265-2021,8 Zhensen Inn,Cavite,Bacoor City,Molino Road,464501439,,"October 31, 2025"
,Region 4A,Mabuhay Accommodation,DOT-R4A-MAB-00378-2021,Asiatel Hotel,Cavite,Bacoor City,5399 BACOOR BLVD BRGY NIOG 3 BACOOR CITY CAVITE,9190980302,,"October 31, 2025"
,Region 4A,Mabuhay Accommodation,DOT-R4A-MAB-00192-2021,EB GARDEN RESORT AND VENUE,Cavite,Bacoor City,9016 OLD AQUINO COMPOUND AQUINO ST.,9338152215,https://www.facebook.com/EBGardenResort/,"October 31, 2025"
,Region 4A,Mabuhay Accommodation,DOT-R4A-MAB-02076-2025,HOTEL SOGO BACOOR,Cavite,Bacoor City,4th Flr FRC Mall General Evangelista St Zapote Rotonda,(046)502-9200,https://www.hotelsogo.com/branches/bacoor-cavite,"October 31, 2025"
,Region 4A,Mabuhay Accommodation,DOT-R4A-MAB-00454-2021 (M),LA VERDE APARTELLE,Cavite,Bacoor City,"Lot 5A & 5B, Marcos Alvarez Ext., Molino II, Bacoor City, Cavite",,,"October 31, 2025"
,Region 4A,Mabuhay Accommodation,DOT-R4A-MAB-00559-2022,Quintana Court,Cavite,Bacoor City,Molino Boulevard,"0465713767, 09258863049",,"October 31, 2025"
,Region 4A,Mabuhay Accommodation,DOT-R4A-MAB-00419-2021,VILLA ALBERTO RESORT,Cavite,Bacoor City,"Villa Alberto Resort Bgy Ligas 2 Bacoor City, Cavite",9175637678,,"October 31, 2026"
,Region 4A,Mabuhay Accommodation,DOT-R4A-MAB-00021-2020,MAJENTA EXECUTIVE SUITES,Cavite,Dasmariñas City,"Governor's Drive, Sampaloc IV",9178074217,,"October 31, 2026"
,Region 4A,Mabuhay Accommodation,DOT-R4A-MAB-00243-2021 (M),PINK PARADISE APARTELLE,Cavite,Dasmariñas City,"Dream Bldg. Aguinaldo Highway, Brgy. Salitran 1, Dasmariñas City, Cavite",,,"October 31, 2025"
,Region 4A,Mabuhay Accommodation,DOT-R4A-MAB-01125-2022,STEVENSON'S HIDEAWAY HOTEL & RESORT,Cavite,Dasmariñas City,"PUROK 4, BRGY. LANGKAAN 1, DASMARIÑAS CITY, CAVITE",9050718043,,"October 31, 2025"
,Region 4A,Mabuhay Accommodation,DOT-R4A-MAB-00405-2021,ANDREA RESORT,Cavite,General Trias,Bagong Kalsada Pasong Camachille 2 General Trias Cavite,046-454-8868,,"October 31, 2026"
,Region 4A,Mabuhay Accommodation,DOT-R4A-MAB-02099-2025,HOTEL SOGO GENERAL TRIAS (WESTFIELDS RESIDENCES),Cavite,General Trias,Hotel Sogo General Trias Bacao II General Trias Cavite,(046)886-3823,https://www.hotelsogo.com/,"October 31, 2026"
,Region 4A,Mabuhay Accommodation,DOT-R4A-MAB-00060-2021,ONE SERENATA HOTEL,Cavite,General Trias,"Cepz Bypass Road, Bacao II",(046) 438-5576/77,https://oneserenatahotel.com.ph/,"October 31, 2026"
,Region 4A,Mabuhay Accommodation,DOT-R4A-MAB-01969-2024,Rilie's Private Resort,Cavite,General Trias,B1 L6-7 BAGONG KALSADA PUROK 7 PASONG CAMACHILE I,9173148804,,"October 31, 2025"
,Region 4A,Mabuhay Accommodation,DOT-R4A-MAB-01929-2024,Villabong Resort,Cavite,Imus,0862 CATTLEYA ST. PLARIDEL SUBD. BAYAN LUMA 7,,,"October 31, 2025"
,Region 4A,Mabuhay Accommodation,DOT-R4A-MAB-01454-2023,BALAY HOMESTAY,Cavite,Indang,"SAN JUAN ST. BRGY MAHABANG KAHOY CERCA INDANG, CAVITE",9178665825,,"October 31, 2025"
,Region 4A,Mabuhay Accommodation,DOT-R4A-MAB-00289-2021,WATER CAMP AT JOSEPHINE RESORT,Cavite,Kawit,"Magdiwang Highway, Josephine Village, Panamitan, Kawit Cavite","0464845703, 0464845704, 0464845705",http://www.watercampresort.com,"October 31, 2025"
,Region 4A,Mabuhay Accommodation,DOT-R4A-MAB-01985-2024,E-PLACE RESORT AND LEISURE FARM,Cavite,Magallanes,115 Brgy. Kabulusan,,,"October 31, 2025"
,Region 4A,Mabuhay Accommodation,DOT-R4A-MAB-01022-2022,BIGALBAL RESORT AND COTTAGES,Cavite,Naic,"9011 Timalan Balsahan Naic, Cavite",9631752820,,"October 31, 2025"
,Region 4A,Mabuhay Accommodation,DOT-R4A-MAB-01015-2022,BEST GARDEN RESORT,Cavite,Silang,"4055 A Purok 7, Balite, Silang, Cavite",9171251564,,"October 31, 2025"
,Region 4A,Mabuhay Accommodation,DOT-R4A-MAB-01943-2024,SWEET-COUNTRY INN,Cavite,Silang,BRGY. BIGA 1,(046) 409 1900,,"October 31, 2025"
,Region 4A,Mabuhay Accommodation,DOT-R4A-MAB-01940-2024,THE PARK SILANG,Cavite,Silang,"Phase 3, Richlandhills Subdivision, Bryg. Puting Kahoy",9178375572,https://www.theparksilang.com,"October 31, 2025"
,Region 4A,Mabuhay Accommodation,DOT-R4A-MAB-00528-2021,AROHA TAGAYTAY HOTEL & RESTAURANT,Cavite,Tagaytay City,"Brgy. Francisco, Tagaytay-Sta Rosa Rd., Tagaytay City",9499113136,,"October 31, 2026"
,Region 4A,Mabuhay Accommodation,DOT-R4A-MAB-00244-2021 (M),CASA DE MIGUELITOS RESORT,Cavite,Tagaytay City,"316-A Daang Luma, Brgy. Kaybagal North, Tagaytay City, Cavite",,,"October 31, 2025"
,Region 4A,Mabuhay Accommodation,DOT-R4A-MAB-00535-2021,MAHARLIKA'S PEAK TRANSIENT HOUSE,Cavite,Tagaytay City,"30 Aguinaldo Highway, Brgy. Mahalika West",9178398611,,"October 31, 2025"
,Region 4A,Mabuhay Accommodation,DOT-R4A-MAB-00570-2022,MONALISA TOURIST INN,Cavite,Tagaytay City,Purok 26 Barangay Francisco Tagaytay City,9328428371,,"October 31, 2025"
,Region 4A,Mabuhay Accommodation,DOT-R4A-MAB-00674-2022,"NEST BED, BREAKFAST AND CAFE",Cavite,Tagaytay City,"4th Floor Pineda Building, San Jose, Tagaytay City",9662151824,,"October 31, 2025"
,Region 4A,Mabuhay Accommodation,DOT-R4A-MAB-00639-2022,Rangya Hotel,Cavite,Tagaytay City,"Gen. Emilio Aguinaldo Highway, Maiitim II East, Tagaytay City, Cavite",63 9176385762,,"October 31, 2025"
,Region 4A,Mabuhay Accommodation,DOT-R4A-MAB-00390-2021,TAGAYTAY HAVEN HOTEL MENDEZ,Cavite,Tagaytay City,"Mendez Junction West, Tagaytay City, Cavite",9566723514,,"October 31, 2026"
,Region 4A,Mabuhay Accommodation,DOT-R4A-MAB-00386-2021,TAGAYTAY HAVEN HOTEL ULAT,Cavite,Tagaytay City,"Ulat Rd, Brgy Francisco, Tagaytay City, Cavite",9156078966,,"October 31, 2026"
,Region 4A,Mabuhay Accommodation,DOT-R4A-MAB-01390-2023,MARINAIO'S TRAVELLERS INN,Cavite,Trece Martires City,"BULEK ROAD, BRGY LUCIANO, TRECE MARTIRES",465058654,,"October 31, 2025"
,Region 4A,Mabuhay Accommodation,DOT-R4A-MAB-00189-2021 (M),MASPETH FAMILY RESORT,Laguna,Bay,"Goldenfields, Brgy. Maitim, Bay, Laguna",,,"October 31, 2025"
,Region 4A,Mabuhay Accommodation,DOT-R4A-MAB-02185-2025,La Marimar Executive Inn,Laguna,Biñan,"Gen. Malvar st., Brgy Tubigan",9328428374,,"October 31, 2025"
,Region 4A,Mabuhay Accommodation,DOT-R4A-MAB-00356-2021,Marina Traveller's Hotel,Laguna,Biñan,2nd Floor Severo Bldg. E. Gonzales Street,9171588025,,"October 31, 2025"
,Region 4A,Mabuhay Accommodation,DOT-R4A-MAB-00367-2021,MAHALINA INN,Laguna,Biñan,Gen. Malvar St. Brgy. Tubigan Biñan Laguna,9772040605,,"October 31, 2026"
,Region 4A,Mabuhay Accommodation,DOT-R4A-MAB-01406-2023,ASYLO RESORT,Laguna,Calamba City,"LOT 18 BLOCK 1 DAMA DE NOCHE COR ROSAL ST., SOLEMAR DEL PANSOL, CALAMABA CITY, LAGUNA",09178691018/09328695079,https://www.facebook.com/asylo.resort,"October 31, 2025"
,Region 4A,Mabuhay Accommodation,DOT-R4A-MAB-00541-2021 (M),CHATEAU BLEU RESORT,Laguna,Calamba City,"264 Purok 1, Masili, Calamba City, Laguna",,,"October 31, 2025"
,Region 4A,Mabuhay Accommodation,DOT-R4A-MAB-01393-2023,JEN-KAT HOT SPRING RESORT,Laguna,Calamba City,Purok 1,049 5237624,,"October 31, 2025"
,Region 4A,Mabuhay Accommodation,DOT-R4A-MAB-00521-2021,LARESIO LAKESIDE RESORT AND SPA,Laguna,Los Baños,Alviar Compound Purok 1-B,495020168,http://www.laresio.com,"October 31, 2026"
,Region 4A,Mabuhay Accommodation,DOT-R4A-MAB-00453-2021 (M),MONTE VISTA HOTSPRING & CONFERENCE RESORT,Laguna,Calamba City,"National Highway, Brgy. Pansol, Calamba City, Laguna",,,"October 31, 2025"
,Region 4A,Mabuhay Accommodation,DOT-R4A-MAB-00196-2021,MONTRIAL LODGE,Laguna,Calamba City,"Montrial Lodge Compound Paciano Rizal, Calamba City, Laguna",9338243865,,"October 31, 2026"
,Region 4A,Mabuhay Accommodation,DOT-R4A-MAB-02052-2024,RIVERVIEW RESORT AND CONFERENCE CENTER,Laguna,Calamba City,"365 Manila S Rd, Brgy. Parian",495453421,,"October 31, 2026"
,Region 4A,Mabuhay Accommodation,DOT-R4A-MAB-00146-2021,SOUTHWINDS RESORT,Laguna,Calamba City,"National Highway, Pansol",(049) 502-8060,,"October 31, 2025"
,Region 4A,Mabuhay Accommodation,DOT-R4A-MAB-02219-2025,SPRING MEMORIES RESORT,Laguna,Calamba City,"Lot 10 Block 5 Catleya St., Solemar del Pansol,",9189150944,,"October 31, 2025"
,Region 4A,Mabuhay Accommodation,DOT-R4A-MAB-00213-2021 (M),CITY OF SPRINGS RESORT AND HOTEL,Laguna,Los Baños,"147 N. Villegas St. Baybayin, Los Banos Laguna",,,"October 31, 2025"
,Region 4A,Mabuhay Accommodation,DOT-R4A-MAB-00228-2021,makiling onsen hotel,Laguna,Los Baños,national hi-way makiling heights subd. brgy. lalakay,495366979,,"October 31, 2025"
,Region 4A,Mabuhay Accommodation,DOT-R4A-MAB-01470-2023,APA111 FARMS INC.,Laguna,Majayjay,"Liliw-Majayjay Rd., Brgy. Coralao Majayjay, Laguna",09178562568 / 09189853258,,"October 31, 2025"
,Region 4A,Mabuhay Accommodation,DOT-R4A-MAB-02157-2025,GREEN NATURE RESORT & LEISURE PARK,Laguna,Nagcarlan,"Purok 1, Silangang Kabubuhayan, Nagcarlan, Laguna",9171824672,,"October 31, 2026"
,Region 4A,Mabuhay Accommodation,DOT-R4A-MAB-00190-2021,NAGCARLAN FOREST RESORT,Laguna,Nagcarlan,Silangan Napapatid,9273962590,,"October 31, 2026"
,Region 4A,Mabuhay Accommodation,DOT-R4A-RES-00027-2020,VILLA GREGORIA RESORT,Laguna,Nagcarlan,"Purok 7, Brgy. Buboy",0977-6002117 / 049-5730771,,"October 31, 2026"
,Region 4A,Mabuhay Accommodation,DOT-R4A-MAB-01863-2024,WOODLAND VILLA,Laguna,Nagcarlan,Barangay Taytay,09171139808 / 09166210318,,"October 31, 2025"
,Region 4A,Mabuhay Accommodation,DOT-R4A-MAB-01168-2023,CASA MARINA BED AND BREAKFAST,Laguna,Pagsanjan,Casa Marina KM 92 General Taiño St. Brgy. I (Pob.),9171759427,,"October 31, 2025"
,Region 4A,Mabuhay Accommodation,DOT-R4A-MAB-01854-2024,MANCION BAKASYUNAN RESORT AND CONFERENCE CENTER,Laguna,San Pablo City,"9336 NR San Bartolome, Brgy San Bartolome Purok 1",9150824564,http://www.bakasyunanresorts.com/,"October 31, 2025"
,Region 4A,Mabuhay Accommodation,DOT-R4A-MAB-00940-2022,CITRUS LODGE,Laguna,Santa Rosa City,"National Highway Dita, Santa Rosa City, Laguna",9338243863,,"October 31, 2026"
,Region 4A,Mabuhay Accommodation,DOT-R4A-MAB-00427-2021,Kawayan Villas (formerly Kawayan Resort),Laguna,Santa Rosa City,Lot 4 NIA Road,"09228774146, 09176765808",,"October 31, 2025"
,Region 4A,Mabuhay Accommodation,DOT-R4A-MAB-00669-2022 (M),ASIA BLOOMS HOTEL,Laguna,Santa Cruz,"National Highway Brgy. Patimbao, Sta Cruz, Laguna",,,"October 31, 2025"
,Region 4A,Mabuhay Accommodation,DOT-R4A-MAB-01792-2024,LADY ESTER GRAND VILLA RESORT AND FARM,Laguna,Santa Cruz,PUROK ILANG ILANG,9153495650,,"October 31, 2026"
,Region 4A,Mabuhay Accommodation,DOT-R4A-MAB-01173-2023,SHEPHERD'S RIDGE MOUNTAIN RESORT,Laguna,Santa Maria,"Paang Bundok, Brgy. Cambuja, Santa Maria, Laguna",9088180631,https://www.shepherdsridgeph.com/,"October 31, 2025"
,Region 4A,Mabuhay Accommodation,DOT-R4A-MAB-01862-2024,BANAHAW CIRCLE NATURE RETREAT,Quezon,Dolores,"Holy Trinity Compound, Santa Lucia",9984058149,https://www.banahawcircle.com/,"October 31, 2025"
,Region 4A,Mabuhay Accommodation,DOT-R4A-MAB-00515-2021,DELI'S GARDEN AND RESORT,Quezon,Dolores,SITIO NANGKAAN. BRGY. STA. LUCIA,9498103600,,"October 31, 2025"
,Region 4A,Mabuhay Accommodation,DOT-R4A-MAB-01903-2024,Rodela's Transient Inn,Quezon,Dolores,431 Brgy. Bulakin 1,0927 034 2991,,"October 31, 2025"
,Region 4A,Mabuhay Accommodation,DOT-R4A-MAB-02080-2025,Blue Pavilion Beach Resort,Quezon,Infanta,Kilometer 6 Dinahican Road,9178562932,https://www.bluepavilionresort.com/en/,"October 31, 2025"
,Region 4A,Mabuhay Accommodation,DOT-R4A-MAB-02087-2021,Cote D' Azur Beach Resort,Quezon,Infanta,"Brgy. Abiawin, Infanta, Quezon",09175229663 / 09175100284,,"October 31, 2025"
,Region 4A,Mabuhay Accommodation,DOT-R4A-MAB-01881-2024,Golden Nakiwap Beach Resort,Quezon,Infanta,"Purok Puruhan, Brgy. Dinahican",9257778432,,"October 31, 2025"
,Region 4A,Mabuhay Accommodation,DOT-R4A-MAB-02058-2024,Upgrade Beach Resort,Quezon,Infanta,"Purok Dahlia, Abiawin",9209708877,,"October 31, 2025"
,Region 4A,Mabuhay Accommodation,DOT-R4A-MAB-01883-2024,WMV Hotel and Restaurant,Quezon,Infanta,"AA's Place Building, Plaridel Street, Poblacion 38",09212496451 / 0425354572,,"October 31, 2025"
,Region 4A,Mabuhay Accommodation,DOT-R4A-MAB-01412-2023,ROSPAN AMUSEMENT,Quezon,Lopez,Maharlika Highway,9479815222,,"October 31, 2025"
,Region 4A,Mabuhay Accommodation,DOT-R4A-MAB-02051-2024,PATIO RIZAL HOTEL,Quezon,Lucban,85 Quezon Avenue Brgy. 8,042-5402107,,"October 31, 2025"
,Region 4A,Mabuhay Accommodation,DOT-R4A-MAB-01218-2023,Adamian Apartelle,Quezon,Mauban,#266 Sitio Sabang Brgy. Polo,9183340980,,"October 31, 2025"
,Region 4A,Mabuhay Accommodation,DOT-R4A-MAB-00270-2021,A. APPLETON BEACH RESORT,Quezon,Real,sitio talisay,9985932521,,"October 31, 2025"
,Region 4A,Mabuhay Accommodation,DOT-R4A-MAB-01856-2024,RMJMS RESORT,Quezon,San Antonio,"PUROK 1, Sampaga",9054212372,https://www.facebook.com/rmjmsgardenresort,"October 31, 2025"
,Region 4A,Mabuhay Accommodation,DOT-R4A-MAB-02063-2024,BALAI SADYAYA RESORT,Quezon,Sariaya,"Kamagong Road, Brgy. Balubal",9228336367,,"October 31, 2026"
,Region 4A,Mabuhay Accommodation,DOT-R4A-MAB-01930-2024,Pompeo and Luming's Inn,Quezon,Tagkawayan,"119 Morato Street, Santa Cecilia",,,"October 31, 2025"
,Region 4A,Mabuhay Accommodation,DOT-R4A-MAB-00935-2022,VILLA JULIANA RESORT,Quezon,Tayabas City,43 M. H. Del Pilar St. Agustias Zone I,09228889094/09178222149,,"October 31, 2025"
,Region 4A,Mabuhay Accommodation,DOT-R4A-MAB-02152-2025,BOSO BOSO HIGHLANDS RESORT AND HOTEL,Rizal,Antipolo City,"Sitio Cabading, Brgy. San Jose (Pob.), Antipolo City",9989573740,,"October 31, 2025"
,Region 4A,Mabuhay Accommodation,DOT-R4A-MAB-00537-2021,BOUGANVILLE RESORT AND HOTEL,Rizal,Antipolo City,"25 Taktak Road, Dela Paz",8-234-0876,https://www.facebook.com/bouganvilleresort,"October 31, 2026"
,Region 4A,Mabuhay Accommodation,DOT-R4A-MAB-00144-2021,"FIRST PACIFIC LEADERSHIP ACADEMY, INC.",Rizal,Antipolo City,"Km27 Sumulong Highway, Brgy. Sta. Cruz, Antipolo City",86963051,https://fpla.com.ph/,"October 31, 2027"
,Region 4A,Mabuhay Accommodation,DOT-R4A-MAB-01789-2024,FORTUNE PARK RESORT,Rizal,Antipolo City,"San Lorenzo Ruiz Brgy. San Roque, Antipolo",9171271400,,"October 31, 2026"
,Region 4A,Mabuhay Accommodation,DOT-R4A-MAB-02146-2025,JB PARK-INN APPARTELLE,Rizal,Antipolo City,"Block 3, Lot16, Parkhills Subd., Inarawan, Antipolo City, Rizal",271185852,,"October 31, 2025"
,Region 4A,Mabuhay Accommodation,DOT-R4A-MAB-01500-2023,Mount Purro Nature Reserve,Rizal,Antipolo City,Purok 5,8542-3005,https://www.mountpurronaturereserve.com,"October 31, 2025"
,Region 4A,Mabuhay Accommodation,DOT-R4A-MAB-00556-2021,ROCKPINES PENSION HOUSE,Rizal,Antipolo City,"25 ML QUEZON EXT., NAYONG SILANGAN SUBD.",02 89427322,,"October 31, 2026"
,Region 4A,Mabuhay Accommodation,DOT-R4A-MAB-02154-2025,TOBI'S GUEST HOUSE,Rizal,Antipolo City,"Lt 1 Blk 5, Bonanza Bend cor. Curve St. Ponderosa Heights Subdvision, Brgy San Roque, Antipolo City",9171005353,https://www.tobisescape.com/,"October 30, 2025"
,Region 4A,Mabuhay Accommodation,DOT-R4A-MAB-02110-2025,HOTEL SOGO,Rizal,Cainta,"Imelda Ave., San Isidro",9774000922,,"October 31, 2026"
,Region 4A,Mabuhay Accommodation,DOT-R4A-MAB-01878-2024,2430 Skies Hotel,Rizal,San Mateo,#32 Beneliza St. cor Mayor Jose F. Diaz Ave. Ampid I,0282441744 / 09209471380,,"October 31, 2025"
,Region 4A,Mabuhay Accommodation,DOT-R4A-MAB-01859-2024,MONACO HOTEL,Rizal,Taytay,"The Monaco Strip Bldg. Ortigas Extension, Dolores (Pob.)",9178264185,https://monacohotel.com.ph,"October 31, 2025"
,Region 4A,Mabuhay Accommodation,DOT-R4A-MAB-02040-2024,CASITA MILLENIA TRANSIENT HOUSE,Rizal,San Mateo,Block 28 Lot 9 Monterey Hills Phase 2 Silangan,9297455697,,"October 31, 2025"
,Region 4A,Mabuhay Accommodation,DOT-R4A-MAB-01931-2024,UCM Leisure Park,Rizal,San Mateo,LOT 13 M OLD ARMY ROAD BRGY SILANGAN,,,"October 31, 2025"
,Region 4A,MICE Venue / Facility,DOT-R4A-MCF-02026-2024,Twin Lakes Hotel - Grand Ballroom,Batangas,Laurel,"Tagaytay-Nasugbu Highway, Bgy Dayap Itaas",433021515,https://twinlakeshotel.com.ph,"June 30, 2026"
,Region 4A,MICE Venue / Facility,DOT-R4A-MCF-00904-2022,AZIENDA VERDE ALFONSO,Cavite,Alfonso,Del Pilar St. Brgy. V (Pob),,,"June 30, 2026"
,Region 4A,MICE Venue / Facility,DOT-R4A-MCF-02226-2025,"CLEO BY THE BLUE LEAF (SEVEN TALL TREES EVENTS, INC.)",Cavite,Carmona,Gate 5 Congressional Rd. Carmona Cavite,9171882583,,"June 30, 2026"
,Region 4A,MICE Venue / Facility,DOT-R4A-MCF-00169-2021,Development Academy of the Philippines Conference Center,Cavite,Tagaytay City,"Isaac Tolentino Blvd., Brgy., Sungay East",046-483-2190 to 292,https://www.dap.edu.ph,"June 30, 2026"
,Region 4A,MICE Venue / Facility,DOT-R4A-MCF-00473-2021,JARDIN DE MIRAMAR REALTY,Rizal,Antipolo City,"#279 Buliran Road, Brgy. San Isidro",85843199 / 09176507658,https://jardindemiramareventsvenue.com/,"June 30, 2026"
,Region 4A,MICE Venue / Facility,DOT-R4A-MCF-01886-2024,The Garden Hive Events Place Antipolo and Catering Services Inc.,Rizal,Antipolo City,Lot 2 D2 ML Quezon Ext. Brgy. San Roque,9178973042,http://www.gardenhiveeventsplaceantipolo.com,"June 30, 2026"
,Region 4A,MICE Organizer,DOT-R4A-MCO-02060-2024,Certegy Event Solution,Rizal,Antipolo City,"Lot 2 Block 14 Judith Street Vermont Royale Executive Village, Mayamot",9165974950,,"June 30, 2025"
,Region 4A,MICE Organizer,DOT-R4A-MCO-01839-2024,BCB Events and Marketing Management Inc.,Rizal,Cainta,"3rd Floor The Garden Walk 105 Felix Ave., San Isidro",9088722823,,"June 30, 2025"
,Region 4A,MICE Organizer,DOT-R4A-MCO-02035-2024,KLEAL ENTERTAINMENT PRODUCTION,Rizal,Rodriguez,"Block 15 Lot 20 San Francisco St., Cortijos de San Rafael, San Rafael",8282-0568,https://www.kleal-ep.com/home,"June 30, 2025"
,Region 4A,Resort,DOT-R4A-RES-01825-2024,BATANGAS COUNTRY CLUB,Batangas,Batangas City,"Lourdes Village Bolbok, Batangas City",722-1228,https://www.batangascountryclub.com,"October 31, 2026"
,Region 4A,Resort,DOT-R4A-RES-01399-2023,DREAMLAND PARADISE RESORT,Batangas,Batangas City,Sitio Malao,"09616390930, 09178905137",https://www.dreamlandparadiseresort.com/,"October 31, 2025"
,Region 4A,Resort,DOT-R4A-RES-02043-2024,AQUARIA WATER PARK & CRUSOE CABINS,Batangas,Calatagan,"Sta. Ana, Calatagan, Batangas",02 8836 5055,https://www.millennial-resorts.com/,"October 31, 2026"
,Region 4A,Resort,DOT-R4A-RES-00583-2022,LAGO DE ORO,Batangas,Calatagan,LAGO DE ORO,09266945590/09175042685,https://www.lago-de-oro.com,"October 31, 2025"
,Region 4A,Resort,DOT-R4A-RES-00065-2021,Stilts Calatagan Beach Resort,Batangas,Calatagan,Jose B. Coz Road,9952731040,https://www.stiltscalataganbeachresort.net/,"October 31, 2025"
,Region 4A,Resort,DOT-R4A-RES-01487-2023,Kilyawan Farm Resort,Batangas,Ibaan,"Villa Vicenta Farms, Ibaan-Lipa road",0915 266 4305,https://www.facebook.com/KilyawanFarmResort,"October 31, 2025"
,Region 4A,Resort,DOT-R4A-RES-00078-2021,CORAL BEACH CLUB,Batangas,Lian,"CORAL BEACH CLUB MATABUNGKAY LIAN, BATANGAS",9179014635,,"October 31, 2026"
,Region 4A,Resort,DOT-R4A-RES-01408-2023,Little Valley Resort,Batangas,Lipa City,"537 Carnelian St. Purok 5, Brgy. Pangao, Lipa City, Batangas",(0917) 845-3034 / (043) 341-2261,https://www.littlevalleyresorts.com,"October 31, 2025"
,Region 4A,Resort,DOT-R4A-RES-02004-2024,MOUNT MALARAYAT GOLF AND COUNTRY CLUB,Batangas,Lipa City,Brgy. Dagatan,,,"October 31, 2026"
,Region 4A,Resort,DOT-R4A-RES-00115-2021,THE FARM AT SAN BENITO,Batangas,Lipa City,119 Tipacan,09175722258 / 09175725566 / 043 774 0644,,"October 31, 2026"
,Region 4A,Resort,DOT-R4A-RES-02019-2024,THE OLD GROVE FARMSTEAD,Batangas,Lipa City,"121 PUROK 1, LODLOD",9178952829,,"October 31, 2026"
,Region 4A,Resort,DOT-R4A-RES-01405-2023,RIVER HILLS BEACH RESORT,Batangas,Lobo,SITIO MARIWASA BIGA LOBO,9175822759,,"October 31, 2025"
,Region 4A,Resort,DOT-R4A-RES-00009-2020,AIYANAR BEACH AND DIVE RESORT INC,Batangas,Mabini,,,,"October 31, 2026"
,Region 4A,Resort,DOT-R4A-RES-01272-2023,ALTAMARE DIVE AND LEISURE RESORT,Batangas,Mabini,Altamare Dive and Leisure Resort Mabini Batangas,9177103172,http://www.altamare.com.ph,"October 31, 2026"
,Region 4A,Resort,DOT-R4A-RES-00038-2020,CASA ESCONDIDA ANILAO RESORT AND DIVE CENTER,Batangas,Mabini,Sitio Siiran,9778372272,,"October 31, 2025"
,Region 4A,Resort,DOT-R4A-RES-00018-2020,PIER UNO DIVE RESORT,Batangas,Mabini,"BARANGAY SOLO, MABINI, BATANGAS",9178081877,https://www.pierunoresort.ph,"October 31, 2025"
,Region 4A,Resort,DOT-R4A-RES-00727-2022,SOLITUDE ACACIA RESORT,Batangas,Mabini,"Sitio Siiran Barangay Ligaya, Mabini, Batangas",9662002941,https://solitude-acacia.com,"October 31, 2026"
,Region 4A,Resort,DOT-R4A-RES-00024-2020,SHERCON RESORT AND ECOLOGY PARK,Batangas,Mataas na Kahoy,Purok 6 Barangay San Sebastian Mataasnakahoy Batangas,0917-506-1204 ; 0922-838-5293 ; 0939-904-7130 ; 0917-117-5888,https://www.sherconresort.net/,"October 31, 2026"
,Region 4A,Resort,DOT-R4A-RES-00156-2021,BERNABEACH RESORT INC.,Batangas,Nasugbu,APACIBLE BLVD.,043-4160442,,"October 31, 2025"
,Region 4A,Resort,DOT-R4A-RES-01380-2023,MB COVE,Batangas,Nasugbu,SAMPAGUITA ST.,9993373321,,"October 31, 2025"
,Region 4A,Resort,DOT-R4A-RES-00094-2021,BLUE CORAL BEACH RESORT,Batangas,San Juan,"Laiya Road, Laiya-Aplaya",9608315947,,"October 31, 2026"
,Region 4A,Resort,DOT-R4A-RES-00067-2021,Cala Laiya Resort,Batangas,San Juan,"Sitio Marulas, Laiya Ibabao, San Juan, Batangas",9178839900,,"October 31, 2026"
,Region 4A,Resort,DOT-R4A-RES-00081-2021,EL JARDIN DE ZAIDA RESORT AND SPA,Batangas,San Juan,"Sitio Lagkit, Barangay Abung",9176767737,,"October 31, 2026"
,Region 4A,Resort,DOT-R4A-RES-00361-2021,Klub Keluarga,Batangas,San Juan,Sitio Napayong,"09178858887, 09189592596",,"October 31, 2025"
,Region 4A,Resort,DOT-R4A-RES-01299-2023,LAIYA WHITE COVE BEACH RESORT (INVESTLAND PROPERTIES INC),Batangas,San Juan,"112 BRGY. LAIYA APLAYA, SAN JUAN, BATANGAS",9289973646,http://www.laiyawhitecovebeachresort.com,"October 31, 2025"
,Region 4A,Resort,DOT-R4A-RES-00055-2021,LA LUZ BEACH RESORT & SPA,Batangas,San Juan,Brgy. Hugom,9206038814,https://www.laluzbeachresort.com/,"October 31, 2026"
,Region 4A,Resort,DOT-R4A-RES-01396-2023,NAHAS BEACH RESORT,Batangas,San Juan,"PUTINGBUHANGIN, SAN JUAN BATANGAS",9773669129,,"October 31, 2025"
,Region 4A,Resort,DOT-R4A-RES-00008-2020,PALM BEACH RESORT,Batangas,San Juan,Brgy. Hugom,9199945781,https://palmbeachlaiya.com/,"October 31, 2026"
,Region 4A,Resort,DOT-R4A-RES-00040-2020,SABANGAN BEACH RESORT,Batangas,San Juan,"Brgy. Laiya-Aplaya San Juan, Batangas",9190059203,https://www.sabangan.com/,"October 31, 2026"
,Region 4A,Resort,DOT-R4A-RES-01164-2023,The Henry Resort Taramindu Laiya,Batangas,San Juan,"Laiya-Aplaya, San Juan, Batangas",9190956301,https://laiya.thehenryhotel.com/,"October 31, 2025"
,Region 4A,Resort,DOT-R4A-RES-01087-2022,VIRGIN BEACH RESORT,Batangas,San Juan,"Hugom, Brgy. Laiya-Aplaya, San Juan. Batangas",84297344,https://virginbeachresort.com/,"October 31, 2026"
,Region 4A,Resort,DOT-R4A-RES-00880-2022,STARBOARD DIVING RESORT OPC,Batangas,San Luis,Brgy. Locloc Sitio Ligpo San Luis Batangas City,9999967886,,"October 31, 2025"
,Region 4A,Resort,DOT-R4A-RES-00016-2023 (M),CLUB BALAI ISABEL,Batangas,Talisay,"BRGY. BANGA, TALISAY, BATANGAS",,,"October 31, 2025"
,Region 4A,Resort,DOT-R4A-RES-01787-2024,NDN RESORT AND EVENTS PLACE,Batangas,Talisay,Talisay-Tanauan Road,9177068279,https://www.facebook.com/ndnresort,"October 31, 2025"
,Region 4A,Resort,DOT-R4A-RES-01401-2023,CASA MARCELINO MOUNTAIN RESORT,Cavite,Alfonso,Remulla st Esperanza Ibaba Alfonso Cavite,9668168286,,"October 31, 2025"
,Region 4A,Resort,DOT-R4A-RES-01468-2023,Sonya's Secret Garden,Cavite,Alfonso,Sonya's Garden,9175329097,https://sonyasgarden.com/,"October 31, 2025"
,Region 4A,Resort,DOT-R4A-RES-01416-2023,YSSABEL EVENTS PLACE RENTAL,Cavite,Dasmariñas City,9066 AMUNTAY ROAD,046-4163563,,"October 31, 2025"
,Region 4A,Resort,DOT-R4A-RES-00546-2021,Alta Rios Resorts Inc.,Cavite,Indang,Brgy.Lumampong Halayhay,09778295118 / 09209580996,,"October 31, 2025"
,Region 4A,Resort,DOT-R4A-RES-00012-2020,ANYA RESORT TAGAYTAY,Cavite,Tagaytay City,"Brgy. Magasawang Ilat, Tagaytay, Cavite",464236976,https://www.anyaresorts.com/,"October 31, 2026"
,Region 4A,Resort,DOT-R4A-RES-00139-2021,Nurture Wellness Village,Cavite,Tagaytay City,7310 Pulong Sagingan,9176878873,https://nurture.com.ph,"October 31, 2026"
,Region 4A,Resort,DOT-R4A-RES-01826-2024,VILLA EXCELLANCE BEACH AND WAVE POOL RESORT,Cavite,Tanza,"Brgy.Sahud Ulan, Tanza, Cavite, Antero Soriano Highway",9165232802,https://villaexcellance.com/,"October 31, 2026"
,Region 4A,Resort,DOT-R4A-RES-00160-2021,LOTUSPOD BED AND BREAKFAST,Laguna,Bay,"Kalsadang Putol, Brgy. Puypuy",9175267619,https://www.lotuspodbedandbreakfast.com/,"October 31, 2026"
,Region 4A,Resort,DOT-R4A-RES-00148-2021,88 HOT SPRING RESORT,Laguna,Calamba City,9061 NATIONAL HIGHWAY,(049) 5236417,http://88hotspring.com,"October 31, 2025"
,Region 4A,Resort,DOT-R4A-RES-01386-2023,MARY ANN'S PLACE PRIVATE RESORT,Laguna,Calamba City,LAZARO COMPOUND,9183922556,,"October 31, 2025"
,Region 4A,Resort,DOT-R4A-RES-00275-2021,"SOL Y VIENTO MOUNTAIN HOT SPRING RESORT, INC.",Laguna,Calamba City,Km55 Makiling Heights Pansol Calamba City,9065555913,https://syvhotelsandresorts.com/,"October 31, 2026"
,Region 4A,Resort,DOT-R4A-RES-00018-2023 (M),SPACIO CALIRAYA EVENTS VENUE,Laguna,Lumban,"Green Farm Village, Brgy. Lewin, Lumban, Laguna",,,"October 31, 2025"
,Region 4A,Resort,DOT-R4A-RES-00352-2021,LEGAZIA RESORT,Laguna,Nagcarlan,"Purok 1 Brgy. banago, Nagcarlan, Laguna",9287027939,,"October 31, 2025"
,Region 4A,Resort,DOT-R4A-RES-00997-2022,SOUTHPICK RESORT AND HOTEL,Laguna,Santa Rosa City,"#1 Tatlonghari Street, Brgy. Sinalhan",9279522822,,"October 31, 2026"
,Region 4A,Resort,DOT-R4A-RES-01400-2023,CasaJoros Beach Resort,Quezon,Catanauan,Sitio Camagong Barangay Tuhian,9770514535,,"October 31, 2025"
,Region 4A,Resort,DOT-R4A-RES-00450-2021,BANGKONG KAHOY VALLEY CAMPSITE AND ECO TOURS,Quezon,Dolores,SITIO BANGKONG KAHOY,042 565 6464/ 09291496458/ 09064381410,,"October 31, 2025"
,Region 4A,Resort,DOT-R4A-RES-01394-2023,Otterrab Private Resort,Quezon,Lopez,Sitio Lanzones Brgy. Concepcion Lopez Quezon,9950951856,https://otterrabprivateresort.myshopify.com/admin,"October 31, 2025"
,Region 4A,Resort,DOT-R4A-RES-00580-2022,KATMON HARBOR NATURE SANCTUARY AND BEACH RESORT,Quezon,Infanta,"Gen. Kuna St. Purok Lanzones, Brgy Binulasan Infanta Quezon",9175339665,,"October 31, 2026"
,Region 4A,Resort,DOT-R4A-RES-00246-2021,MALACHI RESORT HOTEL AND RESTAURANT,Quezon,Infanta,"360 Purok Ilang ilang Brgy. Comon Infanta, Quezon",042-535-4265,,"October 31, 2026"
,Region 4A,Resort,DOT-R4A-RES-01201-2023,VILLA DEL PRADO POOL AND BEACH RESORT,Quezon,Sariaya,BIGNAY 1,9228981899,,"October 31, 2025"
,Region 4A,Resort,DOT-R4A-RES-01294-2023,Kamayan Sa Palaisdaan Resort & Hotel,Quezon,Tayabas City,"Barangay Dapdap Tayabas City, Quezon Province",09209786450 09176801819,https://kamayansapalaisdaan.com/,"October 31, 2025"
,Region 4A,Resort,DOT-R4A-RES-02155-2025,LULJETTA'S PLACE,Rizal,Antipolo City,"Sitio Colaique, Barangay San Roque Antipolo City",9171392518,,"October 31, 2026"
,Region 4A,Resort,DOT-R4A-RES-00328-2021,Ciudad Christhia Resort,Rizal,San Mateo,"Earth St. Carrieland Country Homes II, Ampid, San Mateo, Rizal","8997-5945 , 8997-5946",http://9wavesphilippines.com/,"October 31, 2025"
,Region 4A,Resort,DOT-R4A-RES-02047-2024,Estancia De Lorenzo,Rizal,San Mateo,"#31 St. Patrick St. Marvihills Subd., Gulod Malaya",8570-6172,,"October 31, 2026"
,Region 4A,Resort,DOT-R4A-RES-00141-2021,Timberland Highlands Resort,Rizal,San Mateo,"Timberland Highlands Resort, Timberland Heights",02 8891-8288,,"October 31, 2026"
,Region 4A,Resort,DOT-R4A-RES-00325-2021,MOMARCO RESORT,Rizal,Tanay,"Sitio Bathala, Brgy Plaza Aldea, Tanay, Rizal",9171549865,https://www.momarcoforestcoveresortandhotel.com/,"October 31, 2025"
,Region 4A,Resort,DOT-R4A-RES-00404-2021,Renato's Events Place Rental,Rizal,Taytay,Noel's Cabrera Road Brgy. Dolores,08-8660-9256,,"October 31, 2025"
,Region 4A,Restaurant,DOT-R4A-RST-01991-2024,EF CAFE & RESTAURANT,Batangas,Batangas City,"Madonna Homes Subdivision, Brgy. Alangilan",,,"October 10, 2025"
,Region 4A,Restaurant,DOT-R4A-RST-01850-2024,GINGA KITCHEN X CAFE,Batangas,Lobo,41 Mabilog Na Bundok,9065726591,,"June 14, 2025"
,Region 4A,Restaurant,DOT-R4A-RST-02093-2025,FUELEDBYRAMEN FOOD CORPORATION,Batangas,Lipa City,077 MP CASANOVA ST,9178872636,,"January 20, 2026"
,Region 4A,Restaurant,DOT-R4A-RST-02068-2024,NUEVO COMEDOR PARILLA AND RESTAURANT,Batangas,San Juan,"8 JAVIER ST, POBLACION",9178677442,,"December 20, 2025"
,Region 4A,Restaurant,DOT-R4A-RST-02029-2024,KAP'EAN COFFEE,Cavite,Alfonso,9021 Amuyong Kaytitinga Rd,9178410786,,"November 4, 2025"
,Region 4A,Restaurant,DOT-R4A-RST-02217-2025,CHANTILLY (Q EVENTS MANAGEMENT CORPORATION),Cavite,Carmona,2nd floor manila Jockey club san lazaro leisure park,9209281818,https://facebook.com/chantillybyqevents,"June 5, 2026"
,Region 4A,Restaurant,DOT-R4A-RST-02197-2025,CAFE ANTIX,Cavite,Cavite City,"5125 P. Burgos Avenue corner Cabuco Street, Caridad",9175020852,,"May 7, 2026"
,Region 4A,Restaurant,DOT-R4A-RST-02184-2025,TINATANGI CAFE,Cavite,Dasmariñas City,"13 JOSE ABAD SANTOS AVE, SALAWAG",9511509499,,"May 7, 2026"
,Region 4A,Restaurant,DOT-R4A-RST-01907-2024,Tipsycow Restobar,Cavite,Dasmariñas City,"2nd Floor Lot 3A Congressional Rd, Brgy. Burol",9619335890,,"June 2, 2026"
,Region 4A,Restaurant,DOT-R4A-RST-02192-2025,Verdance Cafe and Kitchen,Cavite,Naic,"Lot 3, Governor's Drive, Sabang",9451094582,,"May 7, 2026"
,Region 4A,Restaurant,DOT-R4A-RST-00429-2021,ASIONG CAVITEÑO RESTAURANT,Cavite,Silang,"Buenavista Avenue, Brgy. Bucal",9267139400,,"March 10, 2026"
,Region 4A,Restaurant,DOT-R4A-RST-09138-2024,COFFEE BUILDERS,Cavite,Silang,"9446 TIBIG RD BRGY. KAONG,",9751575485,,"September 9, 2025"
,Region 4A,Restaurant,DOT-R4A-RST-02136-2025,PAMAHAW BY DAHON@MESA,Cavite,Silang,KM 62 PASONG LANGKA SILANG CAVITE,9177178877,,"March 25, 2026"
,Region 4A,Restaurant,DOT-R4A-RST-01946-2024,PERLAS NG SILANG FLOWER PARK AND RESTAURANT,Cavite,Silang,"Purok 5, Brgy. Pulong Bunga",9423220457,,"September 9, 2025"
,Region 4A,Restaurant,DOT-R4A-RST-00663-2022,SANTIS DELICATESSEN,Cavite,Silang,"Km. 52 Aguinaldo Highway, Buho",046-4142337,https://www.santis.deli.com,"May 7, 2026"
,Region 4A,Restaurant,DOT-R4A-RST-01842-2024,7TWENTY7 AMERICAN DINER,Cavite,Tagaytay City,"TCC Building, 9089 Gen. E. Aguinaldo Highway, Mendez Crossing East",468840878,https://727americandiner.com,"June 10, 2025"
,Region 4A,Restaurant,DOT-R4A-RST-02116-2025,CABEZERA GRILL AND RESTAURANT,Cavite,Tagaytay City,"E. Aguinaldo Highway, Maharlika West",9999905732,,"March 10, 2026"
,Region 4A,Restaurant,DOT-R4A-RST-01939-2024,Dahon at Mesa,Cavite,Tagaytay City,"105 Tagaytay-Nasugbu Highway (Emilio Aguinaldo Highway), Maharlika East",9171908877,,"September 9, 2025"
,Region 4A,Restaurant,DOT-R4A-RST-01840-2024,KA TUNYING'S,Cavite,Tagaytay City,Unit D Vista Point Nasugbu Tagaytay Highway Maharlika West,9171790721,https://katunyings.com/,"June 10, 2025"
,Region 4A,Restaurant,DOT-R4A-RST-02015-2024,MER-BEN TAPSILOGAN,Cavite,Tagaytay City,#52 Brgy. Mendez Crossing East,9482995216,,"October 21, 2025"
,Region 4A,Restaurant,DOT-R4A-RST-02220-2025,PAMANA,Cavite,Tagaytay City,Aguinaldo Highway Silang Crossing,9273236513,,"June 17, 2026"
,Region 4A,Restaurant,DOT-R4A-RST-02225-2025,HELOCAFE COFFEE SHOP,Cavite,Tagaytay City,Lot 2F Polivel Subdivision,9959042398,,"June 17, 2026"
,Region 4A,Restaurant,DOT-R4A-RST-01999-2024,GRAN COMEDOR FOODS INC. (CALLE REAL RESTAURANT),Cavite,Tanza,"8 Sta. Cruz, St., Brgy. II (Pob.)",,,"October 11, 2025"
,Region 4A,Restaurant,DOT-R4A-RST-02008-2024,Iskargu Restaurant,Laguna,Calauan,Brgy. Dayap,,,"October 21, 2025"
,Region 4A,Restaurant,DOT-R4A-RST-01234-2023,UMPAY'S RESTO CAFE,Laguna,Liliw,Brgy. Ilayang Taykin,0905 249 7334,,"September 9, 2025"
,Region 4A,Restaurant,DOT-R4A-RST-00581-2022,Palaisdaan Restaurant,Quezon,Tayabas City,Lucban Tayabas Road,,,"August 14, 2025"
,Region 4A,Restaurant,DOT-R4A-RST-01215-2023,KAMAYAN SA PALAISDAAN LANZONISAN NATIVE RESTAURANT,Quezon,Tayabas City,"Barangay Dapdap Tayabas City, Quezon Province",0918 951 0460 / 0917 556 2642,https://kamayansapalaisdaan.com/,"June 5, 2026"
,Region 4A,Restaurant,DOT-R4A-RST-02066-2024,GLORIE ELI FOOD HOUSE,Rizal,Binangonan,"Eli Coffee 2nd floor Pearl Building, Kalawaan",9178177698,,"December 20, 2025"
,Region 4A,Restaurant,DOT-R4A-RST-00931-2022,BNK CAFE AND RESTO (Budbod Nanay Kaling Restaurant),Rizal,Tanay,"KM 60 Sitio Mayagay 1, Sampaloc",9435295364,,"December 11, 2025"
,Region 4A,Restaurant,DOT-R4A-RST-01875-2024,Kape Natividad Roastery & Cafe,Rizal,Tanay,"Marcos Highway, Sitio Mayagay 1 Brgy Sampaloc",9613261186,,"July 18, 2025"
,Region 4A,Restaurant,DOT-R4A-RST-00780-2022,Tanay Highlands,Rizal,Tanay,"Km 57 Marcos Highway, Sampaloc",9688833866,,"September 26, 2025"
,Region 4A,Restaurant,DOT-R4A-RST-02088-2025,TANTO TASTES OF ASIA CO.,Rizal,Tanay,"Marcos Hwy., Marilaque Road Sitio Malapapaya",9390196529,,"January 20, 2026"
,Region 4A,Spa,DOT-R4A-SPA-01826-2024,TRANQUILA WELLNESS SANCTUARY BY LASCAIDAS RESORT,Laguna,Cavinti,"Bangco Road Barangay Layasin Cavinti, Laguna",9178606422,https://lascaidaswellnessresort.com/,"August 31, 2025"
,Region 4A,Tour Operator,DOT-R4A-TOP-00440-2021,DREAMS AND DESTINATION TRAVEL SERVICES,Cavite,Bacoor City,180-B Brgy. Ligas 1,9272297777,,"June 30, 2026"
,Region 4A,Tour Operator,DOT-R4A-TOP-02238-2025,JAYCRIS TRAVEL & TOURS,Cavite,Bacoor City,"Block 1 Lot 13 Phase 3 Ecotrend Subd. San Nicholas 1, Bacoor , Cavite",9230810061,https://web.facebook.com/JaycrisTravelandtours,"June 30, 2026"
,Region 4A,Tour Operator,DOT-R4A-TOP-01157-2023,GLRM Tours and Travel Services,Cavite,Dasmariñas City,"Jose Abad Santos Ave. Summerwind 3, Brgy. Salitran 3",9088100311,,"June 30, 2026"
,Region 4A,Tour Operator,DOT-R4A-TOP-00107-2021,Card MRI Hijos Tours,Laguna,San Pablo City,"ML Quezon St., City Subdivision, Brgy. I-A (Pob.)",,,"June 30, 2026"
,Region 4A,Tour Operator,DOT-R4A-TOP-01902-2024,K & A Travel and Tours,Laguna,San Pablo City,"174 Marasigan St., Brgy. VI-B (Pob)",495595956,,"June 30, 2026"
,Region 4A,Tour Operator,DOT-R4A-TOP-01898-2024,MARQUEZ TRANSPORT TRAVEL AND TOURS,Batangas,Alitagtag,Brgy. Muzon Primero,9162803804,,"Juen 30, 2026"
,Region 4A,Tourism Recreation Center,DOT-R4A-SRC-01020-2022,BATANGAS LAKELANDS,Batangas,Balete,"Batangas Lakelands, Leviste Highway, Barangay Malabanan",0917 852 7735 / 0917 869 1619,https://www.batangaslakelands.ph/,"June 14, 2025"
,Region 4A,Tourism Recreation Center,DOT-R4A-SRC-00677-2022,LAIYA ADVENTURE PARK,Batangas,San Juan,"Sitio Lumbangan, Brgy Laiya Aplaya",9778320630,,"September 10, 2025"
,Region 4A,Tourism Recreation Center,DOT-R4A-SRC-02086-2025,Enkantierra Nature Park,Batangas,Santo Tomas,"Purok 3, Brgy. Sta. Cruz, Sto. Tomas, Batangas",9192581064,,"January 20, 2026"
,Region 4A,Tourism Recreation Center,DOT-R4A-SRC-01937-2024,J Castles,Batangas,Tanauan City,"Purok 7, Brgy. Gonzales",9453677772,,"September 9, 2025"
,Region 4A,Tourism Recreation Center,DOT-R4A-SRC-00318-2021,ENCHANTED KINGDOM,Laguna,Sta. Rosa,SAN LORENZO SOUTH BALIBAGO,9088840627,,"December 11, 2025"
,Region 4A,Tourism Recreation Center,DOT-R4A-SRC-00304-2021,SPLASH ISLAND,Laguna,Biñan,"Southwoods Ecocentrum, Brgy. Soro-soro",9189129177,http://www.splashislandinfo.com,"May 7, 2026"
,Region 4A,Tourism Recreation Center,DOT-R4A-SRC-00281-2021,GRATCHI'S GETAWAY,Cavite,Silang,"Kabangaan Road, Brgy. Cabangaan, Silang, Cavite",9177265484,,"March 25, 2026"
,Region 4A,Tourism Recreation Center,DOT-R4A-SRC-00204-2021,SKY RANCH TAGAYTAY,Cavite,Tagaytay City,"Sky Ranch Tagaytay - Nasugbu via Tuy Road, Brgy Kaybagal South, Tagaytay City, Cavite",9171364167,https://www.smsupermalls.com/skyranch/,"June 17, 2026"
,Region 4A,Tourism Recreation Center,DOT-R4A-SRC-00426-2021,CAMP TIPOLO ADVENTURELAND,Rizal,Antipolo City,"165 Loremar Bldg, M.L. Quezon St., San Roque, Antipolo City",9178676205,,"March 25, 2026"
,Region 4A,Tourism Recreation Center,DOT-R4A-RES-00438-2021,BINANGONAN RECREATION AND CONFERENCE CENTER,Rizal,Binangonan,"Manila East Road, Brgy. Batingan",(028) 571 7565,,"September 10, 2025"
,Region 4A,Tourism Training Center,DOT-R4A-TRC-01093-2022,INTERNATIONAL SCHOOL OF SUSTAINABLE TOURISM,Cavite,Silang,"ISST Bldg. James Yen Center Km. 32 Brgy. Biga II Emilio Aguinaldo Highway, Silang, Cavite",632 8442 2998,https://isst.edu.ph,"June 17, 2026"
,Region 4A,Tourism Training Center,DOT-R4A-SRC-01123-2022,QUEST ADVENTURE CAMP,Rizal,Teresa,Roman Rojas Road,0969 279 8285,https://questadventure.ph,"January 20, 2026"
,Region 4A,Gallery / Museum,DOT-R4A-MSM-02044-2024,GBR MUSEUM,Cavite,General Trias,"Gateway Business Park, Barangay Javalera",9989537417,https://gbrmuseum.com,"December 11, 2025"
,Region 4A,Land Transport Operator,DOT-R4A-TTO-00966-2022,BATANGAS TOURIST AND TRANSPORT SERVICE COOPERATIVE,Batangas,San Jose,"Sitio Laclacan, Brgy. Balagtasin, San Jose Batangas",0956-651940,,"April 30, 2026"
,Region 4A,Land Transport Operator,DOT-R4A-TTO-00371-2021,LRJN TOURIST TRANSPORT SERVICE,Batangas,Batangas City,SIRANG LUPA BATANGAS CITY,9778154707,https://www.lrjntransport.com/,"April 30, 2026"
,Region 4A,Land Transport Operator,DOT-R4A-TTO-01026-2022,MR7 CORPORATION,Rizal,Antipolo City,721 TOPAZ LANE CRISTIMAR VILLAGE SAN ROQUE ANTIPOLO CITY,9992296343,,"April 30, 2026"
,Region 4A,Land Transport Operator,DOT-R4A-TTO-01838-2024,ZIM TRANSPORT INC.,Rizal,Antipolo City,"Lot 27 Block 3, Gumamela St., Town and Country Executive Village, Barangay Mayamot",9088143735,https://zimtransportinc.com/,"April 30, 2026"
,Region 4A,Land Transport Operator,DOT-R4A-TTO-01143-2023,C.FACUN TRANSPORT SERVICES,Rizal,San Mateo,Block 4 Lot 48 Casa Blanca Ampid I,9175961974,,"April 30, 2026"
,Region 4A,Land Transport Operator,DOT-R4A-TTO-01865-2024,SILANGAN TRANSPORT SERVICE COOPERATIVE,Rizal,San Mateo,AFP VILLAGE BRGY SILANGAN,9199997990,,"April 30, 2026"
,Region 4A,Land Transport Operator,DOT-R4A-TTO-01791-2024,GOLDEN ROAD TOURIST TRANSPORT SERVICE COOPERATIVE,Cavite,Rosario,C. Abueg St. Poblacion Rosario Cavite,9173515927,,"April 30, 2026"
,Region 4A,Tertiary Hospital,DOT-R4A-TTH-01968-2024,"Calamba Medical Center, Inc.",Laguna,Calamba City,Brgy.Real Crossing Calamba City Laguna,(049)545-1740,,"September 26, 2026"
,Region 4A,​,,SOLE EXPLORER TRAVEL AND TOURS,San Juan,,,,,
,Region 4A,​,,JASIL TRAVEL & TOURS,San Roque (Pob.),,,,,
,Region 4A,​,,DARRISE INTERNATIONAL TRAVEL SERVICES,San Roque (Pob.),,,,,
,Region 4A,​,,Club Punta Fuego,Balaytigui,,,,,
,Region 4A,​,,LIZ-PALMANA RESORT,Malanday,,,,,
,Region 4A,​,,Golden Dominion Travel and Tours,Balagtas,,,,,
,Region 4A,​,,VIDALZ TRAVEL AND TOURS SERVICES,San Roque (Pob.),,,,,
,Region 4A,​,,SEALAVIE TRAVEL & TOURS,Santiago,,,,,
,Region 4A,​,,TORRES FARM HOTEL -AND RESORT,Sabang,,,,,
,Region 4A,​,,SEñOR ALVINOS BULALO AT IHAW IHAW,,,,,,
,Region 4A,​,,SANDIESPH VISA CONSULTANCY,,,,,,
,Region 4A,​,,A.R.A TRAVEL & TOURS SERVICES,,,,,,
,Region 4A,​,,AVIDFLY TRAVEL AND TOURS,,,,,,
,Region 4A,​,,RIOR WANDERS TRAVEL AND TOURS,,,,,,
,Region 4A,​,,PRIMEROSE TRAVEL AND TOURS,,,,,,
,Region 4A,​,,JR3CM INTERNATIONAL TRAVEL AND TOURS CORP,,,,,,
,Region 4A,​,,PHILWORLD TRAVEL AND TOURS,,,,,,
,Region 4A,​,,CASITA MILLENIA TRANSIENT HOUSE,,,,,,
,Region 4A,​,,ANILAO VILLA MAGDALENA DIVE RESORT,,,,,,
,Region 4A,​,,MRXX TRAVEL AND TOURS CORP,,,,,,
,Region 4A,​,,WORLD VIAJERO TRAVEL & TOURS,,,,,,
,Region 4A,​,,JOY VOYAGE TRAVEL AND TOURS,,,,,,
,Region 4A,​,,MONTE VISTA BEACH RESORT (ALPROPS MANAGEMENT AND REALTY INC.),,,,,,
,Region 4A,​,,GURU'S GUIDES TRAVEL MANAGEMENT,,,,,,
,Region 4A,​,,MORIMELS TRAVEL AND TOURS,,,,,,
,Region 4A,​,,STRIKERS TRAVEL CORP.,,,,,,
,Region 4A,​,,GFS DESTINATION TRAVEL AND TOURS,,,,,,
,Region 4A,​,,GAZELLE TRAVEL AND TOURS,,,,,,
,Region 4A,​,,RESA TRAVEL & TOURS INC.,,,,,,
,Region 4A,​,,PRINCESS VIAJERA TRAVEL & TOURS,Barangay 2 (Pob.),,,,,
,Region 4A,​,,ONE MEDIA TRAVEL,Wakas I,,,,,
,Region 4A,​,,UNO JESSAMINE TRAVEL SERVICES,Molino I,,,,,
,Region 4A,​,,AIRSCAPE TRAVEL AND TOURS,Sampaguita,,,,,
,Region 4A,​,,LA VIRGINIA LEISURE PARK AND AMUSEMENT RESORT,Manggahan,,,,,
,Region 4A,​,,PILGRIMS DREAM ECO FARM AND RESORT,San Jose,,,,,
,Region 4A,​,,SANIYA RESORT,Salawag,,,,,
,Region 4A,​,,PAPA DOMS BAR AND RESTAURANT,Maharlika West,,,,,
,Region 4A,​,,VISIONARY TRAVEL AND TOURS,Bayan Luma VI,,,,,
,Region 4A,​,,QNS TRAVEL AND TOURS,Santo Tomas (Calabuso),,,,,
,Region 4A,​,,MARIA MAKILING TRAVEL AND TOURS,Maahas,,,,,
,Region 4A,​,,TRAVEL AVENUE BYAHERO TRAVEL AND TOURS,San Vicente,,,,,
,Region 4A,​,,SINTâ,Francisco (San Francisco),,,,,
,Region 4A,​,,TANA RESORTS,San Diego,,,,,
,Region 4A,​,,EXPLOREO TRAVEL AND TOURS,Balagtas,,,,,
,Region 4A,​,,ALMA MAROLLANO FELIX,San Francisco (Halang),,,,,
,Region 4A,​,,GINADEL AGRITOURISM PARK,Tulo,,,,,
,Region 4A,​,,SUN SHINE TRAVEL AND TOURS,San Antonio,,,,,
,Region 4A,​,,MBR HILITES TRAVEL AGENCY,Mendiola,,,,,
,Region 4A,​,,JG GLOBETROTTERS TRAVEL AND TOURS,Tinurik,,,,,
,Region 4A,​,,MT. VIEW INTEGRATED FARM,Talumpok Kanluran,,,,,
,Region 4A,​,,INTER GATE TRAVEL & TOURS,Molino III,,,,,
,Region 4A,​,,SEA SPRING RESORT,Mainit,,,,,
,Region 4A,​,,HMGC TRAVEL AND TOURS,Molino IV,,,,,
,Region 4A,​,,DM4B TRAVEL & TOURS SERVICES,Molino IV,,,,,
,Region 4A,​,,J'STINATION TRAVEL AND TOURS,anto Tomas (Calabuso),,,,,
,Region 4A,​,,LEBLANC HOTEL AND RESORT,Dela Paz (Pob.),,,,,
,Region 4A,​,,TED'S KITCHEN,Duhat,,,,,
,Region 4A,​,,"ABACAST TRAVEL, INC.",Tanzang Luma I,,,,,
,Region 4A,​,,BONVOYAGE INTERNATIONAL TRAVEL AND TOURS INC.,Tanzang Luma V,,,,,
,Region 4A,​,,THE WHARF TRANSIENT HOTEL,Santa Clara,,,,,
,Region 4A,​,,EXPRESS MILES TRAVEL AND TOURS,San Isidro,,,,,
,Region 4A,​,,GOLDEN EQI TRAVEL AND TOURS,Cuta,,,,,
,Region 4A,​,,GRT TRAVEL & TOURS,Poblacion Barangay 1,,,,,